DEAL_ID,DEAL_SOURCE_TYPE,CURRENT_STAGE,CREATED_AT,CLOSED_AT,AMOUNT_IN_HOME_CURRENCY,pipeline.DISCOVERY_TS,pipeline.QUALIFIED_TS,pipeline.PROOF_OF_VALUE_TS,pipeline.PROPOSAL_TS,pipeline.PROCUREMENT_TS,pipeline.CLOSED_WON_TS,pipeline.CLOSED_LOST_TS
11638529912,PPC / Paid Advertising,Stalled,1/9/2023 21:48:54,5/31/2024 17:02:01,7880,4/25/2023 20:25:57,4/25/2023 20:25:57,4/25/2023 20:25:57,4/25/2023 20:25:57,4/25/2023 20:25:57,,
12344943174,Website,Keep Warm,2/28/2023 20:01:54,8/31/2023 18:15:46,23600,7/5/2023 16:04:12,7/5/2023 16:04:12,7/5/2023 16:04:12,7/5/2023 16:04:12,7/5/2023 16:04:12,,
13150537342,Website,Keep Warm,4/26/2023 19:24:00,2/15/2024 14:16:06,16680,5/22/2023 15:17:20,5/22/2023 15:17:20,5/22/2023 15:17:20,,,,
14814047292,Website,Keep Warm,8/24/2023 21:04:15,1/31/2024 23:00:02,22600,9/21/2023 20:51:58,9/21/2023 20:51:58,9/21/2023 20:51:58,,,,
15756889929,Website,Keep Warm,10/23/2023 18:07:39,11/30/2023 22:40:26,18468,10/31/2023 11:09:42,10/31/2023 11:09:42,10/31/2023 11:09:42,10/31/2023 11:09:42,,,
11922829386,Website,Keep Warm,1/30/2023 4:33:13,8/31/2024 17:03:03,30000,7/6/2023 12:40:18,7/6/2023 12:40:18,7/6/2023 12:40:18,7/6/2023 12:40:18,,,
14804386124,Website,Keep Warm,8/24/2023 10:40:55,7/31/2024 12:03:50,14600,9/11/2023 14:10:00,9/11/2023 14:10:00,9/11/2023 14:10:00,,,,
15274438959,Website,Keep Warm,9/21/2023 19:29:30,3/29/2024 15:54:12,72500,10/12/2023 15:46:02,10/12/2023 15:46:02,10/12/2023 15:46:02,10/12/2023 15:46:02,,,
14900284973,Website,Keep Warm,8/30/2023 21:26:14,1/31/2024 21:34:36,26190,10/4/2023 17:20:00,10/4/2023 17:20:00,10/4/2023 17:20:00,,,,
15495346341,Website,Keep Warm,10/6/2023 18:52:11,3/29/2024 15:53:43,18600,10/23/2023 16:35:18,10/23/2023 16:35:18,10/23/2023 16:35:18,10/23/2023 16:35:18,,,
16383313664,Referrals,Keep Warm,12/6/2023 12:14:22,6/30/2024 12:42:27,10640,12/8/2023 16:16:43,12/8/2023 16:16:43,12/8/2023 16:16:43,,,,
14298736901,Sales Outbound,Keep Warm,7/24/2023 15:42:01,3/29/2024 22:28:47,14350,8/8/2023 16:58:20,8/8/2023 16:58:20,8/8/2023 16:58:20,,,,
14830516153,Sales Outbound,Keep Warm,8/25/2023 17:02:31,1/31/2024 13:23:36,26850,11/30/2023 12:00:20,11/30/2023 12:00:20,11/30/2023 12:00:20,11/30/2023 12:00:20,,,
15105298815,Sales Outbound,Keep Warm,9/11/2023 12:19:19,12/29/2023 15:51:59,27600,10/23/2023 18:48:38,10/23/2023 18:48:38,10/23/2023 18:48:38,,,,
12419941457,Sales Outbound,Keep Warm,3/6/2023 16:36:52,12/29/2023 18:30:06,23100,6/12/2023 16:06:43,6/12/2023 16:06:43,6/12/2023 16:06:43,,,,
12432627359,Sales Outbound,Keep Warm,3/7/2023 15:20:18,3/29/2024 19:36:18,10600,10/9/2023 22:17:46,10/9/2023 22:17:46,10/9/2023 22:17:46,,,,
13721666394,Sales Outbound,Keep Warm,6/15/2023 12:06:11,6/28/2024 18:32:03,16250,9/1/2023 19:50:40,9/1/2023 19:50:40,9/1/2023 19:50:40,9/1/2023 19:50:40,,,
14554772250,Tradeshows and Events,Keep Warm,8/10/2023 12:54:54,3/31/2024 11:37:11,10140,10/11/2023 9:26:01,10/11/2023 9:26:01,10/11/2023 9:26:01,,,,
12709296227,Tradeshows and Events,Keep Warm,3/24/2023 18:30:25,5/31/2024 17:02:37,22430,4/4/2023 16:48:04,4/4/2023 16:48:04,4/4/2023 16:48:04,,,,
12688473137,PPC / Paid Advertising,Keep Warm,3/23/2023 15:16:58,3/31/2024 15:38:57,37500,5/2/2023 13:42:59,5/2/2023 13:42:59,5/2/2023 13:42:59,,,,
13366935194,PPC / Paid Advertising,Keep Warm,5/17/2023 14:16:32,3/29/2024 16:29:44,21600,7/10/2023 19:13:47,7/10/2023 19:13:47,7/10/2023 19:13:47,,,,
12038045778,Webinar,Closed Won,2/6/2023 17:57:27,9/11/2023 17:00:55,13324.5,9/19/2023 15:55:24,9/19/2023 15:55:24,9/19/2023 15:55:24,9/19/2023 15:55:24,,9/19/2023 15:55:24,
15283187040,Webinar,Closed Won,9/22/2023 13:15:14,11/1/2023 18:17:10,58973.68,11/20/2023 17:49:50,11/20/2023 17:49:50,11/20/2023 17:49:50,11/20/2023 17:49:50,11/20/2023 17:49:50,11/20/2023 17:49:50,
11831233947,Website,Closed Won,1/24/2023 15:23:47,6/30/2023 21:52:16,27412.5,6/30/2023 21:52:16,6/30/2023 21:52:16,6/30/2023 21:52:16,6/30/2023 21:52:16,6/30/2023 21:52:16,6/30/2023 21:52:16,
11839902114,Website,Closed Won,1/24/2023 22:29:04,1/31/2023 18:47:53,9575,1/31/2023 18:47:53,1/31/2023 18:47:53,1/31/2023 18:47:53,1/31/2023 18:47:53,1/31/2023 18:47:53,1/31/2023 18:47:53,
12135427160,Website,Closed Won,2/13/2023 13:31:49,10/1/2023 7:55:22,11790,8/31/2023 7:55:33,8/31/2023 7:55:33,8/31/2023 7:55:33,8/31/2023 7:55:33,8/31/2023 7:55:33,8/31/2023 7:55:33,
13028118065,Website,Closed Won,4/17/2023 12:12:28,6/14/2023 8:21:08,12197.5,6/14/2023 8:21:08,6/14/2023 8:21:08,6/14/2023 8:21:08,6/14/2023 8:21:08,6/14/2023 8:21:08,6/14/2023 8:21:08,
13354946483,Website,Closed Won,5/16/2023 14:45:01,8/7/2023 12:45:41,9252,8/4/2023 15:33:11,8/4/2023 15:33:11,8/4/2023 15:33:11,8/4/2023 15:33:11,8/4/2023 15:33:11,8/4/2023 15:33:11,
13411683953,Website,Closed Won,5/22/2023 12:30:40,9/15/2023 12:18:27,8680,9/13/2023 15:07:09,9/13/2023 15:07:09,9/13/2023 15:07:09,9/13/2023 15:07:09,9/13/2023 15:07:09,9/13/2023 15:07:09,
13549384980,Website,Closed Won,6/2/2023 8:45:45,8/11/2023 16:12:26,17086.5194,8/11/2023 16:12:26,8/11/2023 16:12:26,8/11/2023 16:12:26,8/11/2023 16:12:26,8/11/2023 16:12:26,8/11/2023 16:12:26,
11581366064,Website,Closed Won,1/4/2023 20:48:54,3/31/2023 9:15:20,13328,3/30/2023 14:35:39,3/30/2023 14:35:39,3/30/2023 14:35:39,3/30/2023 14:35:39,3/30/2023 14:35:39,3/30/2023 14:35:39,
12536747297,Website,Closed Won,3/14/2023 22:55:42,6/15/2023 14:26:06,7378,4/4/2023 14:25:26,4/4/2023 14:25:26,4/4/2023 14:25:26,4/4/2023 14:25:26,,4/4/2023 14:25:26,
13216976496,Website,Closed Won,5/3/2023 17:00:49,8/15/2023 9:55:41,45450,8/14/2023 13:48:57,8/14/2023 13:48:57,8/14/2023 13:48:57,8/14/2023 13:48:57,8/14/2023 13:48:57,8/14/2023 13:48:57,
13306486842,Website,Closed Won,5/11/2023 19:59:41,9/8/2023 10:37:56,13390,8/24/2023 21:27:43,8/24/2023 21:27:43,8/24/2023 21:27:43,8/24/2023 21:27:43,8/24/2023 21:27:43,8/24/2023 21:27:43,8/24/2023 21:27:43
13673020674,Website,Closed Won,6/12/2023 6:14:49,8/9/2023 10:52:14,10100,8/9/2023 10:52:15,8/9/2023 10:52:15,8/9/2023 10:52:15,8/9/2023 10:52:15,8/9/2023 10:52:15,8/9/2023 10:52:15,
16590317920,Website,Closed Won,12/19/2023 17:05:57,1/29/2024 19:27:24,9140,1/29/2024 19:27:53,1/29/2024 19:27:53,1/29/2024 19:27:53,1/29/2024 19:27:53,1/29/2024 19:27:53,1/29/2024 19:27:53,
11580321416,Website,Closed Won,1/4/2023 18:08:03,3/31/2023 16:38:35,30001.76,3/31/2023 16:38:35,3/31/2023 16:38:35,3/31/2023 16:38:35,3/31/2023 16:38:35,3/31/2023 16:38:35,3/31/2023 16:38:35,3/31/2023 16:38:35
11607191132,Website,Closed Won,1/6/2023 19:08:26,2/27/2023 15:45:15,10200,2/24/2023 15:39:21,2/24/2023 15:39:21,2/24/2023 15:39:21,,2/24/2023 15:39:21,2/24/2023 15:39:21,
12106969519,Website,Closed Won,2/10/2023 22:22:58,7/17/2023 15:13:02,29400,8/1/2023 16:48:44,8/1/2023 16:48:44,8/1/2023 16:48:44,8/1/2023 16:48:44,8/1/2023 16:48:44,8/1/2023 16:48:44,
12343328545,Website,Closed Won,2/28/2023 18:04:09,5/19/2023 11:52:30,12430,5/16/2023 15:30:14,5/16/2023 15:30:14,5/16/2023 15:30:14,5/16/2023 15:30:14,5/16/2023 15:30:14,5/16/2023 15:30:14,
12384031892,Website,Closed Won,3/3/2023 10:19:42,3/30/2023 15:00:44,20200,3/30/2023 15:00:44,3/30/2023 15:00:44,3/30/2023 15:00:44,3/30/2023 15:00:44,3/30/2023 15:00:44,3/30/2023 15:00:44,
13279856280,Website,Closed Won,5/9/2023 16:51:09,9/29/2023 10:59:28,9680,10/4/2023 22:24:03,10/4/2023 22:24:03,10/4/2023 22:24:03,10/4/2023 22:24:03,10/4/2023 22:24:03,10/4/2023 22:24:03,
13788283825,Website,Closed Won,6/20/2023 0:57:12,7/30/2023 15:05:34,10600,7/30/2023 15:05:34,7/30/2023 15:05:34,7/30/2023 15:05:34,7/30/2023 15:05:34,7/30/2023 15:05:34,7/30/2023 15:05:34,
14827909947,Website,Closed Won,8/25/2023 14:55:13,11/1/2023 18:54:47,95527.69,10/19/2023 17:54:49,10/19/2023 17:54:49,10/19/2023 17:54:49,10/19/2023 17:54:49,,10/19/2023 17:54:49,
15361956906,Website,Closed Won,9/28/2023 18:03:53,12/1/2023 18:06:15,11100,11/28/2023 19:59:19,11/28/2023 19:59:19,11/28/2023 19:59:19,11/28/2023 19:59:19,11/28/2023 19:59:19,11/28/2023 19:59:19,
15629429006,Website,Closed Won,10/15/2023 9:54:34,11/20/2023 10:18:23,4960,11/20/2023 10:18:34,11/20/2023 10:18:34,11/20/2023 10:18:34,11/20/2023 10:18:34,11/20/2023 10:18:34,11/20/2023 10:18:34,
16102511872,Website,Closed Won,11/17/2023 15:58:04,1/30/2024 10:47:18,9640,1/30/2024 10:47:39,1/30/2024 10:47:39,1/30/2024 10:47:39,1/30/2024 10:47:39,1/30/2024 10:47:39,1/30/2024 10:47:39,
16476055576,Sales Outbound,Closed Won,12/12/2023 16:58:40,1/13/2024 15:38:19,3960,1/13/2024 15:38:58,1/13/2024 15:38:58,1/13/2024 15:38:58,1/13/2024 15:38:58,1/13/2024 15:38:58,1/13/2024 15:38:58,
15341812662,Sales Outbound,Closed Won,9/27/2023 15:19:37,11/14/2023 15:15:46,10600,11/15/2023 0:38:42,11/15/2023 0:38:42,11/15/2023 0:38:42,11/15/2023 0:38:42,11/15/2023 0:38:42,11/15/2023 0:38:42,
15494697486,Sales Outbound,Closed Won,10/6/2023 16:49:50,11/28/2023 11:24:00,3960,11/28/2023 11:26:28,11/28/2023 11:26:28,11/28/2023 11:26:28,11/28/2023 11:26:28,11/28/2023 11:26:28,11/28/2023 11:26:28,
13068077603,Sales Outbound,Closed Won,4/20/2023 10:58:26,11/20/2023 12:47:10,9540,11/20/2023 12:47:13,11/20/2023 12:47:13,11/20/2023 12:47:13,11/20/2023 12:47:13,11/20/2023 12:47:13,11/20/2023 12:47:13,
13549708943,Sales Outbound,Closed Won,6/2/2023 9:03:17,12/4/2023 14:43:47,11680,11/28/2023 12:28:46,11/28/2023 12:28:46,11/28/2023 12:28:46,,11/28/2023 12:28:46,11/28/2023 12:28:46,
14554829628,Tradeshows and Events,Closed Won,8/10/2023 12:54:18,12/13/2023 17:57:28,46640,12/13/2023 17:57:42,12/13/2023 17:57:42,12/13/2023 17:57:42,12/13/2023 17:57:42,12/13/2023 17:57:42,12/13/2023 17:57:42,
12950073509,Tradeshows and Events,Closed Won,4/12/2023 13:41:20,9/29/2023 21:06:10,10391.4,9/29/2023 21:06:22,9/29/2023 21:06:22,9/29/2023 21:06:22,9/29/2023 21:06:22,9/29/2023 21:06:22,9/29/2023 21:06:22,
13037423932,Tradeshows and Events,Closed Won,4/18/2023 5:18:31,8/14/2023 9:26:57,7843.5,8/11/2023 18:29:42,8/11/2023 18:29:42,8/11/2023 18:29:42,8/11/2023 18:29:42,8/11/2023 18:29:42,8/11/2023 18:29:42,
13218201350,Tradeshows and Events,Closed Won,4/20/2023 22:35:47,2/5/2024 12:34:08,3960,1/26/2024 22:40:54,1/26/2024 22:40:54,1/26/2024 22:40:54,1/26/2024 22:40:54,1/26/2024 22:40:54,1/26/2024 22:40:54,
15236866117,Tradeshows and Events,Closed Won,9/19/2023 16:18:07,12/29/2023 12:02:57,3368,10/30/2023 19:53:48,10/30/2023 19:53:48,10/30/2023 19:53:48,10/30/2023 19:53:48,10/30/2023 19:53:48,10/30/2023 19:53:48,
12192774913,PPC / Paid Advertising,Closed Won,2/16/2023 20:57:14,4/27/2023 9:40:28,9405,4/28/2023 15:59:01,4/28/2023 15:59:01,4/28/2023 15:59:01,4/28/2023 15:59:01,4/28/2023 15:59:01,4/28/2023 15:59:01,
15246012424,PPC / Paid Advertising,Closed Won,9/20/2023 10:34:31,9/29/2023 11:05:31,9850,10/2/2023 14:57:09,10/2/2023 14:57:09,10/2/2023 14:57:09,10/2/2023 14:57:09,10/2/2023 14:57:09,10/2/2023 14:57:09,
11725106700,PPC / Paid Advertising,Closed Won,1/17/2023 1:42:58,6/20/2023 6:57:36,45000,6/20/2023 6:57:36,6/20/2023 6:57:36,6/20/2023 6:57:36,6/20/2023 6:57:36,6/20/2023 6:57:36,6/20/2023 6:57:36,
12824666744,PPC / Paid Advertising,Closed Won,4/3/2023 16:08:45,7/20/2023 16:44:07,11340,7/20/2023 16:44:07,7/20/2023 16:44:07,7/20/2023 16:44:07,7/20/2023 16:44:07,7/20/2023 16:44:07,7/20/2023 16:44:07,
13246389102,PPC / Paid Advertising,Closed Won,5/5/2023 21:47:53,5/31/2023 11:16:06,10600,5/15/2023 18:12:22,5/15/2023 18:12:22,5/15/2023 18:12:22,,5/15/2023 18:12:22,5/15/2023 18:12:22,
15815431205,PPC / Paid Advertising,Closed Won,10/27/2023 19:43:29,11/21/2023 22:49:48,3960,11/21/2023 22:50:16,11/21/2023 22:50:16,11/21/2023 22:50:16,11/21/2023 22:50:16,11/21/2023 22:50:16,11/21/2023 22:50:16,
12088586650,Webinar,Closed Lost,2/9/2023 16:57:28,1/26/2024 9:44:13,19600,1/26/2024 9:44:11,1/26/2024 9:44:11,1/26/2024 9:44:11,,,,1/26/2024 9:44:11
12549725090,Webinar,Closed Lost,3/15/2023 19:16:11,4/13/2023 15:04:54,11600,4/13/2023 15:04:51,4/13/2023 15:04:51,4/13/2023 15:04:51,,,,4/13/2023 15:04:51
11650819658,Website,Closed Lost,1/10/2023 22:00:07,4/14/2023 13:58:59,7700,4/14/2023 13:58:57,4/14/2023 13:58:57,4/14/2023 13:58:57,,,,4/14/2023 13:58:57
11765292444,Website,Closed Lost,1/19/2023 16:44:26,1/26/2024 9:47:07,20600,1/26/2024 9:47:05,1/26/2024 9:47:05,1/26/2024 9:47:05,1/26/2024 9:47:05,,,1/26/2024 9:47:05
11933146496,Website,Closed Lost,1/30/2023 18:47:42,2/22/2023 16:45:29,12600,2/22/2023 16:45:26,2/22/2023 16:45:26,2/22/2023 16:45:26,,,,2/22/2023 16:45:26
12339718709,Website,Closed Lost,2/28/2023 11:26:54,7/13/2023 18:00:15,10600,7/13/2023 18:00:11,7/13/2023 18:00:11,7/13/2023 18:00:11,,,,7/13/2023 18:00:11
12449476636,Website,Closed Lost,3/8/2023 19:19:31,9/18/2023 21:36:48,16725,9/18/2023 21:36:46,9/18/2023 21:36:46,9/18/2023 21:36:46,,,,9/18/2023 21:36:46
12563113338,Website,Closed Lost,3/16/2023 19:24:56,6/14/2023 19:17:08,11600,6/14/2023 19:17:05,6/14/2023 19:17:05,6/14/2023 19:17:05,,,,6/14/2023 19:17:05
13027287657,Website,Closed Lost,4/17/2023 11:13:24,5/3/2023 12:54:15,19567.7174,5/3/2023 12:54:13,5/3/2023 12:54:13,5/3/2023 12:54:13,,,,5/3/2023 12:54:13
13042613516,Website,Closed Lost,4/18/2023 13:57:23,5/31/2023 19:07:14,15100,5/31/2023 19:07:12,5/31/2023 19:07:12,5/31/2023 19:07:12,,,,5/31/2023 19:07:12
13062329383,Website,Closed Lost,4/19/2023 20:47:27,8/15/2023 18:31:54,0,8/15/2023 18:31:51,8/15/2023 18:31:51,8/15/2023 18:31:51,,,,8/15/2023 18:31:51
13622548601,Website,Closed Lost,6/7/2023 21:15:27,11/8/2023 15:06:25,11600,11/8/2023 15:06:23,11/8/2023 15:06:23,11/8/2023 15:06:23,,,,11/8/2023 15:06:23
14535466094,Website,Closed Lost,8/9/2023 4:30:22,9/12/2023 15:43:40,34750,9/12/2023 15:43:39,9/12/2023 15:43:39,9/12/2023 15:43:39,,,,9/12/2023 15:43:39
15023900955,Website,Closed Lost,9/6/2023 14:18:41,10/11/2023 9:52:41,12100,10/11/2023 9:52:39,10/11/2023 9:52:39,10/11/2023 9:52:39,,,,10/11/2023 9:52:39
15941157183,Website,Closed Lost,11/6/2023 16:51:45,12/7/2023 14:44:23,14600,12/7/2023 14:44:20,12/7/2023 14:44:20,12/7/2023 14:44:20,,,,12/7/2023 14:44:20
11879617304,Website,Closed Lost,1/26/2023 23:28:04,6/26/2023 20:02:28,33000,6/26/2023 20:02:26,6/26/2023 20:02:26,6/26/2023 20:02:26,,,,6/26/2023 20:02:26
12046970947,Website,Closed Lost,2/7/2023 9:54:22,3/30/2023 15:37:21,11950,3/30/2023 15:37:19,3/30/2023 15:37:19,3/30/2023 15:37:19,3/30/2023 15:37:19,3/30/2023 15:37:19,,3/30/2023 15:37:19
13133732689,Website,Closed Lost,4/25/2023 11:25:48,6/14/2023 15:28:11,12600,6/14/2023 15:28:09,6/14/2023 15:28:09,6/14/2023 15:28:09,6/14/2023 15:28:09,,,6/14/2023 15:28:09
13541682076,Website,Closed Lost,6/1/2023 18:44:00,10/25/2023 13:22:20,12915,10/25/2023 13:22:17,10/25/2023 13:22:17,10/25/2023 13:22:17,,,,10/25/2023 13:22:17
13863825209,Website,Closed Lost,6/26/2023 8:53:50,10/17/2023 21:26:14,14350,10/17/2023 21:26:11,10/17/2023 21:26:11,10/17/2023 21:26:11,,,,10/17/2023 21:26:11
13725299819,Website,Closed Lost,6/15/2023 14:26:14,12/20/2023 12:32:02,13680,12/20/2023 12:31:59,12/20/2023 12:31:59,12/20/2023 12:31:59,12/20/2023 12:31:59,,,12/20/2023 12:31:59
15799478818,Website,Closed Lost,10/26/2023 18:46:13,1/31/2024 14:11:39,10180,1/31/2024 14:11:35,1/31/2024 14:11:35,1/31/2024 14:11:35,,,,1/31/2024 14:11:35
15945471038,Website,Closed Lost,11/6/2023 20:54:04,12/13/2023 16:17:50,23760,12/13/2023 16:17:47,12/13/2023 16:17:47,12/13/2023 16:17:47,,,,12/13/2023 16:17:47
16014264423,Website,Closed Lost,11/11/2023 14:37:11,12/19/2023 15:30:47,11600,12/19/2023 15:30:43,12/19/2023 15:30:43,12/19/2023 15:30:43,,,,12/19/2023 15:30:43
16358891434,Website,Closed Lost,12/4/2023 18:56:27,1/23/2024 14:21:38,10100,1/23/2024 14:20:01,1/23/2024 14:20:01,1/23/2024 14:20:01,,,,1/23/2024 14:20:01
12265306779,Website,Closed Lost,2/22/2023 9:14:09,1/26/2024 16:04:27,62800,1/26/2024 16:04:11,1/26/2024 16:04:11,1/26/2024 16:04:11,1/26/2024 16:04:11,,,1/26/2024 16:04:11
12678204012,Website,Closed Lost,3/22/2023 22:15:14,8/24/2023 10:10:25,9010,8/24/2023 10:10:24,8/24/2023 10:10:24,8/24/2023 10:10:24,8/24/2023 10:10:24,,,8/24/2023 10:10:24
14861988359,Website,Closed Lost,8/28/2023 14:27:58,11/29/2023 11:47:39,14100,11/29/2023 11:47:37,11/29/2023 11:47:37,11/29/2023 11:47:37,11/29/2023 11:47:37,,,11/29/2023 11:47:37
15052483706,Website,Closed Lost,9/7/2023 13:46:45,10/31/2023 17:45:50,12600,10/31/2023 17:45:48,10/31/2023 17:45:48,10/31/2023 17:45:48,,,,10/31/2023 17:45:48
15260508026,Website,Closed Lost,9/20/2023 23:13:18,10/7/2023 9:26:26,12600,10/7/2023 9:26:24,10/7/2023 9:26:24,10/7/2023 9:26:24,,,,10/7/2023 9:26:24
15843327262,Website,Closed Lost,10/30/2023 10:48:23,1/22/2024 17:25:55,20400,1/22/2024 17:25:53,1/22/2024 17:25:53,1/22/2024 17:25:53,,,,1/22/2024 17:25:53
15877019554,Website,Closed Lost,11/1/2023 15:50:33,12/13/2023 16:16:53,3960,12/13/2023 16:16:50,12/13/2023 16:16:50,12/13/2023 16:16:50,,,,12/13/2023 16:16:50
12037672044,Sales Outbound,Closed Lost,2/6/2023 16:01:15,5/1/2023 19:33:31,16680,5/1/2023 19:33:29,5/1/2023 19:33:29,5/1/2023 19:33:29,,,,5/1/2023 19:33:29
12349412174,Sales Outbound,Closed Lost,3/1/2023 6:25:37,5/5/2023 16:11:49,16837.5,5/5/2023 16:11:47,5/5/2023 16:11:47,5/5/2023 16:11:47,5/5/2023 16:11:47,5/5/2023 16:11:47,,5/5/2023 16:11:47
14647502890,Sales Outbound,Closed Lost,8/16/2023 8:39:20,1/9/2024 21:24:26,15280,1/9/2024 21:24:24,1/9/2024 21:24:24,1/9/2024 21:24:24,,,,1/9/2024 21:24:24
14863546515,Sales Outbound,Closed Lost,8/28/2023 16:33:51,11/20/2023 13:05:17,24800,11/20/2023 13:05:12,11/20/2023 13:05:12,11/20/2023 13:05:12,,,,11/20/2023 13:05:12
13063384486,Tradeshows and Events,Closed Lost,4/19/2023 22:19:52,1/29/2024 19:29:30,10600,1/29/2024 19:29:27,1/29/2024 19:29:27,1/29/2024 19:29:27,,,,1/29/2024 19:29:27
13035148888,Tradeshows and Events,Closed Lost,4/17/2023 23:07:14,7/31/2023 15:30:17,10600,7/31/2023 15:30:15,7/31/2023 15:30:15,7/31/2023 15:30:15,,,,7/31/2023 15:30:15
13037424216,Tradeshows and Events,Closed Lost,4/18/2023 5:25:09,7/11/2023 18:46:03,14350,7/11/2023 18:46:01,7/11/2023 18:46:01,7/11/2023 18:46:01,,,,7/11/2023 18:46:01
14554936165,Tradeshows and Events,Closed Lost,8/10/2023 12:54:21,11/29/2023 18:16:58,11000,11/29/2023 18:16:56,11/29/2023 18:16:56,11/29/2023 18:16:56,,,,11/29/2023 18:16:56
12339754054,Tradeshows and Events,Closed Lost,2/28/2023 11:55:33,3/30/2023 20:48:35,8680,3/30/2023 20:48:32,3/30/2023 20:48:32,3/30/2023 20:48:32,3/30/2023 20:48:32,3/30/2023 20:48:32,,3/30/2023 20:48:32
12266619411,PPC / Paid Advertising,Closed Lost,2/22/2023 13:57:23,1/16/2024 15:23:27,106760,1/16/2024 15:23:25,1/16/2024 15:23:25,1/16/2024 15:23:25,1/16/2024 15:23:25,1/16/2024 15:23:25,1/16/2024 15:23:25,1/16/2024 15:23:25
13055913335,PPC / Paid Advertising,Closed Lost,4/19/2023 11:48:24,7/11/2023 12:25:59,9301.992,7/11/2023 12:25:57,7/11/2023 12:25:57,7/11/2023 12:25:57,7/11/2023 12:25:57,,,7/11/2023 12:25:57
13123943286,PPC / Paid Advertising,Closed Lost,4/24/2023 17:30:37,10/30/2023 13:43:18,31000,10/30/2023 13:43:16,10/30/2023 13:43:16,10/30/2023 13:43:16,10/30/2023 13:43:16,10/30/2023 13:43:16,,10/30/2023 13:43:16
13750708065,PPC / Paid Advertising,Closed Lost,6/16/2023 20:02:00,7/19/2023 8:40:53,12600,7/19/2023 8:40:52,7/19/2023 8:40:52,7/19/2023 8:40:52,,,,7/19/2023 8:40:52
15430767914,PPC / Paid Advertising,Closed Lost,10/3/2023 18:47:56,1/10/2024 11:48:26,35350,1/10/2024 11:48:24,1/10/2024 11:48:24,1/10/2024 11:48:24,1/10/2024 11:48:24,,,1/10/2024 11:48:24
12951812271,PPC / Paid Advertising,Closed Lost,4/12/2023 15:06:49,8/16/2023 17:23:35,16850,8/16/2023 17:23:34,8/16/2023 17:23:34,8/16/2023 17:23:34,,,,8/16/2023 17:23:34
15140540832,PPC / Paid Advertising,Closed Lost,9/13/2023 18:44:01,1/2/2024 13:33:01,10620,1/2/2024 13:32:55,1/2/2024 13:32:55,1/2/2024 13:32:55,1/2/2024 13:32:55,,,1/2/2024 13:32:55
12369216626,PPC / Paid Advertising,Closed Lost,3/2/2023 19:16:34,6/29/2023 14:35:53,11050,6/29/2023 14:35:44,6/29/2023 14:35:44,6/29/2023 14:35:44,6/29/2023 14:35:44,6/29/2023 14:35:44,,6/29/2023 14:35:44
15177093166,PPC / Paid Advertising,Closed Lost,9/15/2023 23:37:04,10/30/2023 12:33:32,9630,10/30/2023 12:33:30,10/30/2023 12:33:30,10/30/2023 12:33:30,,,,10/30/2023 12:33:30
15770556202,PPC / Paid Advertising,Closed Lost,10/24/2023 17:33:02,11/14/2023 19:26:51,49350,11/14/2023 19:26:49,11/14/2023 19:26:49,11/14/2023 19:26:49,11/14/2023 19:26:49,,,11/14/2023 19:26:49
16057129030,PPC / Paid Advertising,Closed Lost,11/14/2023 16:38:12,12/6/2023 18:42:26,11100,12/6/2023 18:42:23,12/6/2023 18:42:23,12/6/2023 18:42:23,12/6/2023 18:42:23,,,12/6/2023 18:42:23
14516745279,Website,Proof of Value,8/7/2023 14:25:37,10/31/2023 16:39:50,11350,8/16/2023 17:25:18,8/16/2023 17:25:18,8/16/2023 17:25:18,,,,
14916647600,Website,Proof of Value,8/31/2023 15:11:04,10/31/2024 13:30:51,29100,9/18/2023 13:48:11,9/18/2023 13:48:11,9/18/2023 13:48:11,,,,
14518875813,Website,Proof of Value,8/7/2023 15:58:16,3/31/2024 15:08:51,10600,10/5/2023 16:35:00,10/5/2023 16:35:00,10/5/2023 16:35:00,,,,
15442937945,Website,Proof of Value,10/4/2023 12:37:30,2/29/2024 11:55:54,13300,1/12/2024 13:05:10,1/12/2024 13:05:10,1/12/2024 13:05:10,,,,
16004201220,Website,Proof of Value,11/10/2023 16:33:12,4/30/2024 16:58:16,12600,12/4/2023 18:16:25,12/4/2023 18:16:25,12/4/2023 18:16:25,,,,
16071314951,Website,Proof of Value,11/15/2023 14:36:32,6/30/2024 10:08:46,12915,11/24/2023 12:22:43,11/24/2023 12:22:43,11/24/2023 12:22:43,,,,
11634833245,Website,Proof of Value,1/9/2023 17:11:27,6/30/2024 15:48:31,14350,2/6/2023 17:15:22,2/6/2023 17:15:22,2/6/2023 17:15:22,,,,
16181253140,Website,Proof of Value,11/22/2023 18:07:41,2/7/2024 14:45:18,10600,12/6/2023 16:06:12,12/6/2023 16:06:12,12/6/2023 16:06:12,,,,
16704589354,Website,Proof of Value,12/27/2023 20:27:16,2/29/2024 12:15:48,19640,1/10/2024 12:15:35,1/10/2024 12:15:35,1/10/2024 12:15:35,,,,
13068557433,Sales Outbound,Proof of Value,4/20/2023 11:02:31,3/29/2024 15:26:31,13600,8/16/2023 17:36:00,8/16/2023 17:36:00,8/16/2023 17:36:00,,,,
15862907768,Sales Outbound,Proof of Value,10/31/2023 14:50:16,5/31/2024 17:06:50,75700,11/16/2023 21:10:16,11/16/2023 21:10:16,11/16/2023 21:10:16,,,,
14358275642,Sales Outbound,Proof of Value,7/27/2023 12:29:38,2/28/2025 12:39:29,9850,11/9/2023 9:56:33,11/9/2023 9:56:33,11/9/2023 9:56:33,,,,
15683931975,Sales Outbound,Proof of Value,10/18/2023 14:04:27,6/28/2024 18:36:46,10600,12/19/2023 18:16:53,12/19/2023 18:16:53,12/19/2023 18:16:53,,,,
14708102298,Sales Outbound,Proof of Value,8/17/2023 14:14:23,3/31/2024 16:06:25,52100,11/14/2023 9:52:57,11/14/2023 9:52:57,11/14/2023 9:52:57,,,,
15231439153,Sales Outbound,Proof of Value,9/19/2023 8:43:51,6/30/2024 11:01:23,9640,10/23/2023 13:31:29,10/23/2023 13:31:29,10/23/2023 13:31:29,,,,
15797614984,Sales Outbound,Proof of Value,10/26/2023 15:50:21,6/30/2024 18:48:34,14100,11/22/2023 12:06:44,11/22/2023 12:06:44,11/22/2023 12:06:44,,,,
15894925827,Sales Outbound,Proof of Value,11/2/2023 16:27:34,3/29/2024 19:19:36,11600,1/16/2024 16:03:42,1/16/2024 16:03:42,1/16/2024 16:03:42,,,,
16055852390,Sales Outbound,Proof of Value,8/3/2023 10:56:03,4/30/2024 15:39:40,12600,1/8/2024 10:23:27,1/8/2024 10:23:27,1/8/2024 10:23:27,,,,1/8/2024 10:23:27
14648652662,Marketing Emails,Proof of Value,8/16/2023 10:57:06,3/31/2024 14:45:06,20200,10/31/2023 13:33:17,10/31/2023 13:33:17,10/31/2023 13:33:17,,,,
13928160612,Tradeshows and Events,Proof of Value,6/30/2023 18:31:06,3/31/2024 17:19:26,18600,9/25/2023 17:00:30,9/25/2023 17:00:30,9/25/2023 17:00:30,,,,
16167703420,Tradeshows and Events,Proof of Value,11/9/2023 14:03:28,9/30/2024 13:48:20,18600,12/7/2023 20:23:53,12/7/2023 20:23:53,12/7/2023 20:23:53,,,,
13267402362,Tradeshows and Events,Proof of Value,3/28/2023 7:19:59,8/31/2024 11:09:58,24437.5,5/24/2023 12:51:45,5/24/2023 12:51:45,5/24/2023 12:51:45,,,,
14195176979,PPC / Paid Advertising,Proof of Value,7/17/2023 16:38:37,4/30/2024 17:56:41,38400,8/31/2023 13:23:28,8/31/2023 13:23:28,8/31/2023 13:23:28,,,,
15556837954,PPC / Paid Advertising,Proof of Value,10/11/2023 13:34:35,6/30/2024 10:56:29,39000,11/1/2023 16:52:54,11/1/2023 16:52:54,11/1/2023 16:52:54,,,,
15875953408,PPC / Paid Advertising,Proof of Value,11/1/2023 14:16:46,11/30/2024 10:06:04,28600,11/13/2023 16:29:33,11/13/2023 16:29:33,11/13/2023 16:29:33,,,,
15910675074,PPC / Paid Advertising,Proof of Value,11/3/2023 17:10:19,2/29/2024 18:51:46,11600,12/4/2023 13:07:42,12/4/2023 13:07:42,12/4/2023 13:07:42,,,,
16349673622,PPC / Paid Advertising,Proof of Value,12/4/2023 0:08:02,3/1/2024 0:07:38,32100,12/12/2023 18:37:36,12/12/2023 18:37:36,12/12/2023 18:37:36,,,,
15288079475,PPC / Paid Advertising,Proof of Value,9/22/2023 20:24:57,3/29/2024 21:47:00,11300,10/9/2023 18:58:59,10/9/2023 18:58:59,10/9/2023 18:58:59,,,,
13683436034,Social,Proposal/Pricing,6/12/2023 23:12:23,6/28/2024 17:53:15,116700,8/2/2023 19:24:33,8/2/2023 19:24:33,8/2/2023 19:24:33,8/2/2023 19:24:33,,,
15877089633,Webinar,Proposal/Pricing,11/1/2023 16:09:33,2/29/2024 13:08:06,19520,12/6/2023 16:32:14,12/6/2023 16:32:14,12/6/2023 16:32:14,12/6/2023 16:32:14,,,
14568447338,Website,Proposal/Pricing,8/11/2023 7:46:11,5/31/2024 14:10:33,10089,9/28/2023 14:51:06,9/28/2023 14:51:06,9/28/2023 14:51:06,9/28/2023 14:51:06,,,
15280877116,Website,Proposal/Pricing,9/22/2023 9:50:38,3/31/2024 11:18:46,34000,10/31/2023 12:09:07,10/31/2023 12:09:07,10/31/2023 12:09:07,10/31/2023 12:09:07,,,
16303701038,Website,Proposal/Pricing,11/30/2023 15:35:49,2/29/2024 14:03:08,13390,1/10/2024 12:03:04,1/10/2024 12:03:04,1/10/2024 12:03:04,1/10/2024 12:03:04,,,
15376593790,Website,Proposal/Pricing,9/29/2023 18:41:52,1/31/2024 13:32:28,17200,10/11/2023 9:26:33,10/11/2023 9:26:33,10/11/2023 9:26:33,10/11/2023 9:26:33,,,
15647021201,Website,Proposal/Pricing,10/16/2023 7:25:29,6/30/2024 13:29:03,9680,11/8/2023 12:08:18,11/8/2023 12:08:18,11/8/2023 12:08:18,11/8/2023 12:08:18,,,
16622485939,Website,Proposal/Pricing,12/21/2023 19:39:31,2/29/2024 14:50:58,10600,1/19/2024 14:28:30,1/19/2024 14:28:30,1/19/2024 14:28:30,1/19/2024 14:28:30,,,
13647504046,Website,Proposal/Pricing,6/9/2023 16:12:29,3/31/2024 13:56:46,72675,11/20/2023 14:17:51,11/20/2023 14:17:51,11/20/2023 14:17:51,11/20/2023 14:17:51,,,
16467323407,Website,Proposal/Pricing,12/12/2023 12:30:35,1/31/2024 13:17:54,13600,1/30/2024 15:31:44,1/30/2024 15:31:44,1/30/2024 15:31:44,1/30/2024 15:31:44,,,
15250775606,Sales Outbound,Proposal/Pricing,9/20/2023 16:27:36,1/31/2024 14:14:48,8680,1/10/2024 12:03:33,1/10/2024 12:03:33,1/10/2024 12:03:33,1/10/2024 12:03:33,,,
15612516159,Sales Outbound,Proposal/Pricing,10/13/2023 13:02:59,3/31/2024 17:58:02,32000,11/3/2023 9:28:47,11/3/2023 9:28:47,11/3/2023 9:28:47,11/3/2023 9:28:47,,,
14193525839,Sales Outbound,Proposal/Pricing,7/17/2023 13:49:16,2/29/2024 12:55:08,21000,9/14/2023 9:33:53,9/14/2023 9:33:53,9/14/2023 9:33:53,9/14/2023 9:33:53,,,
15597711646,Sales Outbound,Proposal/Pricing,10/12/2023 21:43:36,3/29/2024 19:44:21,10600,10/18/2023 19:54:15,10/18/2023 19:54:15,10/18/2023 19:54:15,10/18/2023 19:54:15,,,
16181785455,Sales Outbound,Proposal/Pricing,11/22/2023 17:46:46,6/30/2024 8:40:04,10600,1/12/2024 9:51:18,1/12/2024 9:51:18,1/12/2024 9:51:18,1/12/2024 9:51:18,,,
15126740913,Tradeshows and Events,Proposal/Pricing,9/12/2023 23:25:21,3/29/2024 19:47:10,45126,10/24/2023 19:06:09,10/24/2023 19:06:09,10/24/2023 19:06:09,10/24/2023 19:06:09,,,
16802819233,Tradeshows and Events,Proposal/Pricing,1/4/2024 12:49:55,6/30/2024 16:05:48,18400,1/24/2024 11:22:10,1/24/2024 11:22:10,1/24/2024 11:22:10,1/24/2024 11:22:10,,,
13035148558,Tradeshows and Events,Proposal/Pricing,4/17/2023 23:02:22,6/28/2024 18:28:00,32000,5/30/2023 17:32:35,5/30/2023 17:32:35,5/30/2023 17:32:35,5/30/2023 17:32:35,,,
16167705409,Tradeshows and Events,Proposal/Pricing,11/17/2023 16:56:04,3/29/2024 16:49:05,11100,1/3/2024 18:15:31,1/3/2024 18:15:31,1/3/2024 18:15:31,1/3/2024 18:15:31,,,
13976753812,PPC / Paid Advertising,Proposal/Pricing,7/5/2023 8:29:59,3/29/2024 18:43:34,52500,12/6/2023 21:47:28,12/6/2023 21:47:28,12/6/2023 21:47:28,12/6/2023 21:47:28,,,
14636756294,PPC / Paid Advertising,Proposal/Pricing,8/15/2023 19:35:11,3/31/2024 17:20:55,12400,1/8/2024 10:20:58,1/8/2024 10:20:58,1/8/2024 10:20:58,1/8/2024 10:20:58,,,
16287955236,PPC / Paid Advertising,Proposal/Pricing,11/29/2023 15:24:15,2/29/2024 11:55:35,6960,1/18/2024 12:42:02,1/18/2024 12:42:02,1/18/2024 12:42:02,1/18/2024 12:42:02,,,
16106853936,PPC / Paid Advertising,Proposal/Pricing,11/17/2023 20:54:03,3/31/2024 14:16:34,9640,12/1/2023 17:46:35,12/1/2023 17:46:35,12/1/2023 17:46:35,12/1/2023 17:46:35,,,
15342567822,Partners and Affiliates,Proposal/Pricing,9/27/2023 16:27:42,2/29/2024 15:08:38,8513.33,10/2/2023 8:38:58,10/2/2023 8:38:58,10/2/2023 8:38:58,10/2/2023 8:38:58,,,
13086298392,Webinar,Procurement/Negotiation,4/21/2023 18:05:11,3/1/2024 19:33:33,8280,12/18/2023 11:55:32,12/18/2023 11:55:32,12/18/2023 11:55:32,,12/18/2023 11:55:32,,
12430433367,Webinar,Procurement/Negotiation,3/7/2023 10:29:49,2/29/2024 9:59:30,9860,4/12/2023 11:00:09,4/12/2023 11:00:09,4/12/2023 11:00:09,4/12/2023 11:00:09,4/12/2023 11:00:09,,
15241422728,Website,Procurement/Negotiation,9/20/2023 0:18:02,1/31/2024 16:09:02,26500,12/7/2023 17:59:53,12/7/2023 17:59:53,12/7/2023 17:59:53,12/7/2023 17:59:53,12/7/2023 17:59:53,,12/7/2023 17:59:53
14357837854,Website,Procurement/Negotiation,7/27/2023 11:07:43,2/9/2024 10:49:35,17543.19,11/13/2023 14:38:00,11/13/2023 14:38:00,11/13/2023 14:38:00,11/13/2023 14:38:00,11/13/2023 14:38:00,,
16203094402,Website,Procurement/Negotiation,11/23/2023 23:36:21,2/15/2024 13:55:43,50182.5,12/22/2023 13:55:49,12/22/2023 13:55:49,12/22/2023 13:55:49,12/22/2023 13:55:49,12/22/2023 13:55:49,,
13657189957,Website,Procurement/Negotiation,6/10/2023 14:07:11,3/31/2024 9:54:13,16480,8/29/2023 8:23:23,8/29/2023 8:23:23,8/29/2023 8:23:23,8/29/2023 8:23:23,8/29/2023 8:23:23,,
14433851476,Website,Procurement/Negotiation,8/2/2023 14:48:12,2/29/2024 21:00:27,18658,11/27/2023 16:24:56,11/27/2023 16:24:56,11/27/2023 16:24:56,11/27/2023 16:24:56,11/27/2023 16:24:56,,
14610444321,Sales Outbound,Procurement/Negotiation,8/14/2023 10:25:34,2/1/2024 13:28:32,3960,12/5/2023 13:06:42,12/5/2023 13:06:42,12/5/2023 13:06:42,12/5/2023 13:06:42,12/5/2023 13:06:42,,
15732429966,PPC / Paid Advertising,Procurement/Negotiation,10/21/2023 11:40:31,1/31/2024 15:30:09,11600,12/4/2023 21:47:44,12/4/2023 21:47:44,12/4/2023 21:47:44,12/4/2023 21:47:44,12/4/2023 21:47:44,,
13244334255,Website,Closed Won,5/5/2023 16:57:05,7/21/2023 17:27:29,9044,6/14/2023 17:27:31,,6/14/2023 17:27:31,6/14/2023 17:27:31,6/14/2023 17:27:31,6/14/2023 17:27:31,
13525845022,Website,Closed Won,5/31/2023 19:29:44,9/1/2023 11:23:21,9312,8/23/2023 14:47:02,,8/23/2023 14:47:02,,8/23/2023 14:47:02,8/23/2023 14:47:02,
13695528617,PPC / Paid Advertising,Closed Won,6/13/2023 20:54:22,8/1/2023 14:02:31,8680,8/2/2023 17:17:00,,8/2/2023 17:17:00,8/2/2023 17:17:00,8/2/2023 17:17:00,8/2/2023 17:17:00,8/2/2023 17:17:00
13384082182,Website,Closed Lost,5/19/2023 3:14:19,10/31/2023 10:34:34,11600,10/31/2023 10:34:31,,10/31/2023 10:34:31,10/31/2023 10:34:31,,,10/31/2023 10:34:31
14576563061,Website,Closed Lost,8/11/2023 18:30:05,12/5/2023 18:18:28,9601,12/5/2023 18:18:27,,12/5/2023 18:18:27,,,,12/5/2023 18:18:27
13603197048,Website,Closed Lost,6/6/2023 17:40:30,10/31/2023 17:46:30,35000,10/31/2023 17:46:27,,10/31/2023 17:46:27,,,,10/31/2023 17:46:27
13512589111,Website,Closed Lost,5/30/2023 22:37:47,7/5/2023 17:38:57,10600,7/5/2023 17:38:55,,7/5/2023 17:38:55,,,,7/5/2023 17:38:55
12873030677,PPC / Paid Advertising,Closed Lost,4/6/2023 18:59:24,12/18/2023 19:20:54,10600,12/18/2023 19:20:51,,12/18/2023 19:20:51,,,,12/18/2023 19:20:51
13434822801,PPC / Paid Advertising,Closed Lost,5/24/2023 14:58:50,9/19/2023 14:23:36,14100,9/19/2023 14:23:34,,9/19/2023 14:23:34,,9/19/2023 14:23:34,,9/19/2023 14:23:34
14434278482,PPC / Paid Advertising,Proof of Value,8/2/2023 15:42:55,1/31/2024 23:17:06,9601,8/24/2023 13:05:07,,8/24/2023 13:05:07,,,,
13068449581,Sales Outbound,Procurement/Negotiation,4/20/2023 11:07:03,1/31/2024 14:12:47,9088.2,11/10/2023 0:58:50,,11/10/2023 0:58:50,11/10/2023 0:58:50,11/10/2023 0:58:50,,
12139784875,PPC / Paid Advertising,Stalled,2/13/2023 17:58:58,4/30/2024 20:56:24,10230,3/7/2023 12:24:31,3/7/2023 12:24:31,,,,,
11631593293,Website,Keep Warm,1/9/2023 9:04:27,9/30/2023 22:01:15,30200,3/8/2023 15:36:43,3/8/2023 15:36:43,,,,,
14885453612,Website,Keep Warm,8/29/2023 22:25:00,1/31/2024 14:06:45,12690,8/31/2023 16:12:44,8/31/2023 16:12:44,,,,,
12187102226,Website,Keep Warm,2/16/2023 15:26:35,6/30/2024 17:01:05,14600,3/8/2023 15:36:43,3/8/2023 15:36:43,,,,,
14247393184,Website,Keep Warm,7/20/2023 11:38:57,3/31/2024 11:34:44,43500,7/27/2023 13:06:06,7/27/2023 13:06:06,,,,,
15949361924,Website,Keep Warm,11/7/2023 4:44:20,12/29/2023 19:04:00,10600,11/27/2023 19:04:05,11/27/2023 19:04:05,,,,,
12456550269,Referrals,Keep Warm,3/9/2023 10:00:49,4/30/2024 20:53:27,27450,3/16/2023 9:58:11,3/16/2023 9:58:11,,,,,
14084113723,Sales Outbound,Keep Warm,7/12/2023 17:34:55,2/29/2024 13:04:01,8680,10/11/2023 11:06:23,10/11/2023 11:06:23,,,,,10/11/2023 11:06:23
15426956715,Sales Outbound,Keep Warm,10/3/2023 14:57:50,4/30/2024 15:36:36,24000,10/18/2023 15:38:48,10/18/2023 15:38:48,,,,,
12528642913,Sales Outbound,Keep Warm,3/14/2023 10:42:04,4/30/2024 20:57:52,22600,3/21/2023 11:02:39,3/21/2023 11:02:39,,,,,
13781699438,Sales Outbound,Keep Warm,6/19/2023 17:18:39,6/28/2024 18:32:25,18600,7/31/2023 15:12:47,7/31/2023 15:12:47,,,,,
15815790671,Tradeshows and Events,Keep Warm,10/27/2023 20:17:50,6/30/2024 16:32:24,10600,11/9/2023 17:32:52,11/9/2023 17:32:52,,,,,
12747818402,Tradeshows and Events,Keep Warm,3/28/2023 11:02:42,12/31/2023 15:10:30,18600,4/4/2023 14:10:38,4/4/2023 14:10:38,,,,,
13058801167,Tradeshows and Events,Keep Warm,4/19/2023 17:20:01,6/30/2024 21:26:13,34750,4/19/2023 17:35:32,4/19/2023 17:35:32,,4/19/2023 17:35:32,,,
13710198631,Tradeshows and Events,Keep Warm,6/14/2023 17:08:51,9/29/2023 18:54:51,64000,7/28/2023 18:54:47,7/28/2023 18:54:47,,7/28/2023 18:54:47,,,
16116536956,Webinar,Qualified,11/18/2023 16:19:34,3/31/2024 13:31:54,9140,12/21/2023 13:42:41,12/21/2023 13:42:41,,,,,
14719901485,Webinar,Qualified,8/18/2023 10:52:32,1/1/2025 9:49:20,12186.9,9/11/2023 14:08:52,9/11/2023 14:08:52,,,,,
14262023452,Website,Qualified,7/21/2023 9:19:42,1/31/2024 13:40:16,11600,7/26/2023 12:41:03,7/26/2023 12:41:03,,,,,
15267772583,Website,Qualified,9/21/2023 10:21:00,1/31/2024 23:10:26,10600,9/25/2023 22:11:15,9/25/2023 22:11:15,,,,,
15663271724,Website,Qualified,10/17/2023 4:47:45,3/31/2024 11:35:06,17200,10/23/2023 10:12:32,10/23/2023 10:12:32,,,,,
15981218829,Website,Qualified,11/9/2023 2:14:02,2/29/2024 16:20:53,11100,11/22/2023 16:30:28,11/22/2023 16:30:28,,,,,
16103215274,Website,Qualified,11/17/2023 17:41:03,6/30/2024 12:55:12,44680,11/30/2023 14:00:29,11/30/2023 14:00:29,,,,,
13546806694,Website,Qualified,6/2/2023 1:21:07,1/31/2024 16:20:26,10600,9/14/2023 9:24:43,9/14/2023 9:24:43,,,,,
14034065496,Website,Qualified,7/9/2023 17:51:36,3/31/2024 9:40:34,10600,7/24/2023 16:49:16,7/24/2023 16:49:16,,,,,
15954477641,Website,Qualified,11/7/2023 14:32:18,4/30/2024 12:59:59,11600,11/9/2023 14:00:05,11/9/2023 14:00:05,,,,,
16131504491,Website,Qualified,11/20/2023 8:20:02,3/31/2024 15:41:07,3960,11/24/2023 13:31:57,11/24/2023 13:31:57,,,,,
16574214930,Website,Qualified,12/18/2023 13:22:37,6/28/2024 18:22:10,10600,1/24/2024 19:22:40,1/24/2024 19:22:40,,,,,
15119938895,Website,Qualified,9/12/2023 9:38:45,3/31/2024 16:18:26,16100,9/15/2023 14:16:32,9/15/2023 14:16:32,,,,,
15686680360,Website,Qualified,10/18/2023 15:50:48,3/31/2024 19:32:40,9180,10/27/2023 14:50:27,10/27/2023 14:50:27,,,,,
15991651657,Website,Qualified,11/9/2023 17:32:55,6/30/2024 12:34:57,16850,11/21/2023 15:04:55,11/21/2023 15:04:55,,,,,
16082443163,Website,Qualified,11/16/2023 8:58:04,6/30/2024 12:14:22,20400,11/21/2023 10:34:23,11/21/2023 10:34:23,,,,,
16383571641,Website,Qualified,12/6/2023 13:15:49,3/31/2024 13:46:32,10600,1/8/2024 14:46:40,1/8/2024 14:46:40,,,,,
16590042905,Website,Qualified,12/19/2023 15:13:58,5/31/2024 8:28:50,10600,1/2/2024 9:28:55,1/2/2024 9:28:55,,,,,
16794505767,Website,Qualified,1/3/2024 23:23:22,3/31/2024 15:47:48,39000,1/5/2024 16:53:12,1/5/2024 16:53:12,,,,,
16913102870,Website,Qualified,1/12/2024 20:41:44,3/29/2024 21:40:00,10600,1/16/2024 22:40:27,1/16/2024 22:40:27,,,,,
17139812617,Website,Qualified,1/24/2024 19:19:20,3/15/2024 18:30:00,12430,1/25/2024 19:43:27,1/25/2024 19:43:27,,,,,
13523026451,Referrals,Qualified,5/31/2023 12:51:58,3/31/2024 13:24:17,12430,6/15/2023 14:13:45,6/15/2023 14:13:45,,,,,
14225906285,Sales Outbound,Qualified,7/19/2023 10:14:02,5/31/2024 18:08:42,3960,11/17/2023 19:08:47,11/17/2023 19:08:47,,,,,
14649303634,Sales Outbound,Qualified,8/16/2023 11:57:47,3/31/2024 15:34:37,10600,9/27/2023 14:34:42,9/27/2023 14:34:42,,,,,
15353691918,Sales Outbound,Qualified,9/28/2023 9:37:15,9/30/2024 11:47:32,10880,10/12/2023 12:27:23,10/12/2023 12:27:23,,,,,
15612296624,Sales Outbound,Qualified,10/13/2023 12:05:25,6/30/2024 12:29:48,9700,11/23/2023 13:30:02,11/23/2023 13:30:02,,,,,
15720455070,Sales Outbound,Qualified,10/20/2023 14:44:26,7/31/2024 14:27:19,10600,10/27/2023 14:27:21,10/27/2023 14:27:21,,,,,
15878111100,Sales Outbound,Qualified,11/1/2023 17:45:26,3/31/2024 18:52:55,14350,11/10/2023 17:29:23,11/10/2023 17:29:23,,,,,
16354539563,Sales Outbound,Qualified,12/4/2023 13:32:43,2/29/2024 14:02:19,10600,1/9/2024 14:02:25,1/9/2024 14:02:25,,,,,
16354689064,Sales Outbound,Qualified,12/4/2023 13:46:02,4/30/2024 14:05:53,32500,1/16/2024 15:06:00,1/16/2024 15:06:00,,,,,
16415415337,Sales Outbound,Qualified,12/8/2023 17:56:45,4/30/2024 12:59:44,9850,1/12/2024 13:59:51,1/12/2024 13:59:51,,,,,
17023799708,Sales Outbound,Qualified,1/18/2024 15:54:23,6/28/2024 16:02:46,10100,1/25/2024 17:04:29,1/25/2024 17:04:29,,,,,
17101690903,Sales Outbound,Qualified,1/22/2024 16:22:49,9/30/2024 14:56:23,10100,1/31/2024 15:56:30,1/31/2024 15:56:30,,,,,
15273072946,Sales Outbound,Qualified,9/21/2023 16:06:41,7/31/2024 17:15:55,960,9/29/2023 17:16:12,9/29/2023 17:16:12,,,,,
15360484984,Sales Outbound,Qualified,9/28/2023 15:04:46,10/31/2024 13:59:11,30600,9/28/2023 15:06:59,9/28/2023 15:06:59,,,,,
15573145882,Sales Outbound,Qualified,10/12/2023 9:56:05,4/30/2024 8:19:45,11100,11/17/2023 9:21:16,11/17/2023 9:21:16,,,,,
15812753478,Sales Outbound,Qualified,10/27/2023 14:47:23,7/31/2024 11:21:54,8680,11/10/2023 12:22:35,11/10/2023 12:22:35,,,,,
15866713464,Sales Outbound,Qualified,10/31/2023 19:52:48,5/31/2024 17:10:21,31000,11/1/2023 18:10:23,11/1/2023 18:10:23,,,,,
16368718599,Sales Outbound,Qualified,12/5/2023 13:44:05,9/30/2024 18:52:31,11600,1/19/2024 20:53:05,1/19/2024 20:53:05,,,,,
16821984369,Sales Outbound,Qualified,1/5/2024 18:29:03,4/30/2024 15:33:25,9600,1/31/2024 15:33:29,1/31/2024 15:33:29,,,,,
12979466056,Sales Outbound,Qualified,4/14/2023 7:22:47,7/31/2024 20:35:45,33350,6/19/2023 15:31:34,6/19/2023 15:31:34,,,,,
15339672438,Sales Outbound,Qualified,9/27/2023 12:52:39,3/31/2024 10:16:21,10600,9/29/2023 9:16:27,9/29/2023 9:16:27,,,,,
15374479644,Sales Outbound,Qualified,9/29/2023 14:22:53,3/31/2024 12:48:42,10600,10/5/2023 11:49:32,10/5/2023 11:49:32,,,,,
15374686116,Sales Outbound,Qualified,9/29/2023 15:18:25,6/28/2024 17:53:30,54650,10/27/2023 21:06:32,10/27/2023 21:06:32,,,,,
15423735215,Sales Outbound,Qualified,10/3/2023 12:55:27,3/31/2024 10:30:23,24600,10/19/2023 9:30:28,10/19/2023 9:30:28,,,,,
15874640909,Sales Outbound,Qualified,11/1/2023 11:28:41,5/31/2024 9:02:37,11640,11/9/2023 10:02:42,11/9/2023 10:02:42,,,,,
17213015557,Sales Outbound,Qualified,1/29/2024 9:51:34,8/15/2024 18:31:42,10600,1/30/2024 19:35:05,1/30/2024 19:35:05,,,,,
15345520387,Marketing Emails,Qualified,9/27/2023 20:25:06,3/31/2024 21:22:49,11600,11/7/2023 11:09:01,11/7/2023 11:09:01,,,,,
13927103642,Tradeshows and Events,Qualified,6/30/2023 18:39:29,1/31/2025 14:24:20,20680,12/13/2023 14:37:18,12/13/2023 14:37:18,,,,,
15815419709,Tradeshows and Events,Qualified,10/27/2023 20:17:22,4/30/2024 16:51:59,10600,11/15/2023 17:52:04,11/15/2023 17:52:04,,,,,
15876945335,Tradeshows and Events,Qualified,11/1/2023 15:32:45,6/28/2024 15:45:05,19100,11/30/2023 16:45:11,11/30/2023 16:45:11,,,,,
15814050170,Tradeshows and Events,Qualified,10/27/2023 17:47:12,7/31/2024 15:58:00,17800,11/27/2023 16:58:06,11/27/2023 16:58:06,,,,,
15771858452,Tradeshows and Events,Qualified,10/24/2023 18:50:33,7/31/2024 12:31:32,11640,10/31/2023 13:31:39,10/31/2023 13:31:39,,,,,
16141524794,Tradeshows and Events,Qualified,11/14/2023 18:55:43,3/31/2024 10:35:51,3960,12/7/2023 10:36:41,12/7/2023 10:36:41,,,,,
16772635949,Tradeshows and Events,Qualified,1/2/2024 18:31:38,7/31/2024 10:30:00,48000,1/19/2024 11:31:26,1/19/2024 11:31:26,,,,,
13790700847,PPC / Paid Advertising,Qualified,6/20/2023 8:20:46,3/31/2024 14:00:50,31000,7/3/2023 16:54:20,7/3/2023 16:54:20,,,,,
15112279190,PPC / Paid Advertising,Qualified,9/11/2023 20:39:27,3/31/2024 17:19:36,19867.5,10/26/2023 17:19:44,10/26/2023 17:19:44,,,,,
16269123956,PPC / Paid Advertising,Qualified,11/28/2023 14:51:44,3/31/2024 14:37:44,11100,12/4/2023 14:44:33,12/4/2023 14:44:33,,,,,
16530140589,PPC / Paid Advertising,Qualified,12/15/2023 15:49:55,3/31/2024 18:58:37,10600,12/18/2023 19:00:15,12/18/2023 19:00:15,,,,,
15035805356,PPC / Paid Advertising,Qualified,9/6/2023 22:20:33,3/31/2024 16:19:19,12240,9/12/2023 10:02:57,9/12/2023 10:02:57,,,,,
15549766932,PPC / Paid Advertising,Qualified,10/10/2023 21:43:25,6/30/2024 13:48:46,15290,12/8/2023 14:49:31,12/8/2023 14:49:31,,,,,
15685570145,PPC / Paid Advertising,Qualified,10/18/2023 14:53:55,5/31/2024 16:29:28,24600,11/29/2023 17:29:33,11/29/2023 17:29:33,,,,,
17107652127,PPC / Paid Advertising,Qualified,1/22/2024 23:48:19,5/31/2024 12:10:58,10100,1/31/2024 13:11:16,1/31/2024 13:11:16,,,,,
13305223328,Webinar,Closed Won,5/11/2023 17:59:03,12/15/2023 16:22:00,10100,12/15/2023 16:22:14,12/15/2023 16:22:14,,,,12/15/2023 16:22:14,
13794697087,Webinar,Closed Won,6/20/2023 16:18:39,8/7/2023 9:24:54,8480,7/25/2023 13:44:28,7/25/2023 13:44:28,,7/25/2023 13:44:28,,7/25/2023 13:44:28,
17024822602,Website,Closed Won,1/18/2024 17:33:25,1/22/2024 16:35:17,7812,1/22/2024 16:35:34,1/22/2024 16:35:34,,1/22/2024 16:35:34,,1/22/2024 16:35:34,
12342633391,Website,Closed Won,2/28/2023 17:47:17,6/2/2023 9:05:27,11680,6/1/2023 19:04:18,6/1/2023 19:04:18,,6/1/2023 19:04:18,6/1/2023 19:04:18,6/1/2023 19:04:18,6/1/2023 19:04:18
11815735358,Website,Closed Won,1/23/2023 14:22:37,3/29/2023 16:15:02,11186.66,3/29/2023 16:15:03,3/29/2023 16:15:03,,3/29/2023 16:15:03,3/29/2023 16:15:03,3/29/2023 16:15:03,
13966856830,Website,Closed Won,7/4/2023 11:52:05,10/26/2023 13:24:58,19190,10/26/2023 13:25:14,10/26/2023 13:25:14,,10/26/2023 13:25:14,10/26/2023 13:25:14,10/26/2023 13:25:14,10/26/2023 13:25:14
14057698115,Sales Re-Engagement,Closed Won,7/11/2023 12:39:16,9/30/2023 10:28:23,9680,10/10/2023 14:14:44,10/10/2023 14:14:44,,,10/10/2023 14:14:44,10/10/2023 14:14:44,
17136129315,Sales Re-Engagement,Closed Won,1/24/2024 15:20:56,2/1/2024 16:35:29,3564,1/25/2024 14:14:35,1/25/2024 14:14:35,,,,1/25/2024 14:14:35,
12368862792,Webinar,Closed Lost,3/2/2023 18:09:25,3/27/2023 20:52:46,38544,3/27/2023 20:52:44,3/27/2023 20:52:44,,3/27/2023 20:52:44,,,3/27/2023 20:52:44
11636893953,Webinar,Closed Lost,1/9/2023 20:26:41,3/10/2023 16:50:18,19930,3/10/2023 16:50:17,3/10/2023 16:50:17,,,,,3/10/2023 16:50:17
13170144323,Webinar,Closed Lost,4/28/2023 13:03:54,6/15/2023 19:38:58,9480,6/15/2023 19:38:57,6/15/2023 19:38:57,,,,,6/15/2023 19:38:57
11776238629,Website,Closed Lost,1/20/2023 14:45:52,5/9/2023 16:21:42,13600,5/9/2023 16:21:40,5/9/2023 16:21:40,,,,,5/9/2023 16:21:40
11776409864,Website,Closed Lost,1/20/2023 14:58:37,5/9/2023 16:17:52,12600,5/9/2023 16:17:49,5/9/2023 16:17:49,,,,,5/9/2023 16:17:49
12135850076,Website,Closed Lost,2/13/2023 14:16:32,4/11/2023 16:46:19,12600,4/11/2023 16:46:17,4/11/2023 16:46:17,,,,,4/11/2023 16:46:17
12144255410,Website,Closed Lost,2/13/2023 22:47:07,6/29/2023 14:14:56,32100,6/29/2023 14:14:54,6/29/2023 14:14:54,,,,,6/29/2023 14:14:54
12239875229,Website,Closed Lost,2/20/2023 13:32:58,3/10/2023 11:35:50,7720,3/10/2023 11:35:48,3/10/2023 11:35:48,,3/10/2023 11:35:48,,,3/10/2023 11:35:48
12253703810,Website,Closed Lost,2/21/2023 11:26:16,1/30/2024 15:26:42,13600,1/30/2024 15:26:40,1/30/2024 15:26:40,,,,,1/30/2024 15:26:40
12626558887,Website,Closed Lost,3/20/2023 15:28:56,4/21/2023 21:05:16,8680,4/21/2023 21:05:14,4/21/2023 21:05:14,,4/21/2023 21:05:14,,,4/21/2023 21:05:14
13205893401,Website,Closed Lost,5/2/2023 15:09:15,8/30/2023 8:59:52,21600,8/30/2023 8:59:51,8/30/2023 8:59:51,,,,,8/30/2023 8:59:51
14132226309,Website,Closed Lost,7/13/2023 20:16:55,7/24/2023 18:00:13,11600,7/24/2023 18:00:11,7/24/2023 18:00:11,,,,,7/24/2023 18:00:11
14214646193,Website,Closed Lost,7/18/2023 18:27:57,8/10/2023 14:53:57,11600,8/10/2023 14:53:55,8/10/2023 14:53:55,,,,,8/10/2023 14:53:55
14300683349,Website,Closed Lost,7/24/2023 17:39:14,9/19/2023 12:18:37,11100,9/19/2023 12:18:36,9/19/2023 12:18:36,,,,,9/19/2023 12:18:36
14779607222,Website,Closed Lost,8/22/2023 11:39:31,9/6/2023 10:11:47,12600,9/6/2023 10:11:46,9/6/2023 10:11:46,,,,,9/6/2023 10:11:46
15431460642,Website,Closed Lost,10/3/2023 20:07:57,12/21/2023 15:16:44,31500,12/21/2023 15:16:42,12/21/2023 15:16:42,,,,,12/21/2023 15:16:42
15669055781,Website,Closed Lost,10/17/2023 16:10:26,11/9/2023 13:37:56,3960,11/9/2023 13:37:54,11/9/2023 13:37:54,,,,,11/9/2023 13:37:54
11604974975,Website,Closed Lost,1/6/2023 17:42:44,5/8/2023 16:37:15,34750,5/8/2023 16:37:13,5/8/2023 16:37:13,,,,,5/8/2023 16:37:13
11832696180,Website,Closed Lost,1/24/2023 16:55:29,4/14/2023 14:20:32,15300,4/14/2023 14:20:29,4/14/2023 14:20:29,,,,,4/14/2023 14:20:29
12066779557,Website,Closed Lost,2/8/2023 14:57:56,5/11/2023 15:18:24,8680,5/11/2023 15:18:22,5/11/2023 15:18:22,,,,,5/11/2023 15:18:22
12090250248,Website,Closed Lost,2/9/2023 19:35:37,3/24/2023 9:21:14,9680,3/24/2023 9:21:11,3/24/2023 9:21:11,,3/24/2023 9:21:11,,,3/24/2023 9:21:11
12256443056,Website,Closed Lost,2/21/2023 17:07:31,8/16/2023 8:54:48,40000,8/16/2023 8:54:46,8/16/2023 8:54:46,,,,,8/16/2023 8:54:46
12367899816,Website,Closed Lost,3/2/2023 17:20:04,4/24/2023 13:54:59,15300,4/24/2023 13:54:57,4/24/2023 13:54:57,,,,,4/24/2023 13:54:57
12453511075,Website,Closed Lost,3/9/2023 3:52:37,4/18/2023 10:48:34,3960,4/18/2023 10:48:32,4/18/2023 10:48:32,,,,,4/18/2023 10:48:32
12533461936,Website,Closed Lost,3/14/2023 18:32:10,4/25/2023 13:14:54,8680,4/25/2023 13:14:53,4/25/2023 13:14:53,,4/25/2023 13:14:53,,,4/25/2023 13:14:53
12706695195,Website,Closed Lost,3/24/2023 18:45:14,6/25/2023 10:04:14,14600,6/25/2023 10:04:13,6/25/2023 10:04:13,,,,,6/25/2023 10:04:13
12930512824,Website,Closed Lost,4/11/2023 19:34:43,4/27/2023 12:59:21,10680,4/27/2023 12:59:19,4/27/2023 12:59:19,,,,,4/27/2023 12:59:19
12971444532,Website,Closed Lost,4/13/2023 15:53:03,10/2/2023 18:01:50,9280,10/2/2023 18:01:46,10/2/2023 18:01:46,,,,,10/2/2023 18:01:46
13065177434,Website,Closed Lost,4/20/2023 3:39:28,5/4/2023 16:57:09,15840,5/4/2023 16:57:07,5/4/2023 16:57:07,,,,,5/4/2023 16:57:07
13182149524,Website,Closed Lost,4/29/2023 17:26:10,1/29/2024 19:30:13,14350,1/29/2024 19:30:10,1/29/2024 19:30:10,,,,,1/29/2024 19:30:10
14611249189,Website,Closed Lost,8/14/2023 11:31:03,9/27/2023 15:54:27,13600,9/27/2023 15:54:25,9/27/2023 15:54:25,,,,,9/27/2023 15:54:25
14631297034,Website,Closed Lost,8/15/2023 13:41:08,9/13/2023 19:25:21,14325,9/13/2023 19:25:20,9/13/2023 19:25:20,,,,,9/13/2023 19:25:20
15110620220,Website,Closed Lost,9/11/2023 18:33:18,9/26/2023 10:29:25,12240,9/26/2023 10:29:24,9/26/2023 10:29:24,,,,,9/26/2023 10:29:24
15350309725,Website,Closed Lost,9/28/2023 6:24:16,10/9/2023 15:34:53,14940,10/9/2023 15:34:51,10/9/2023 15:34:51,,,,,10/9/2023 15:34:51
15446060357,Website,Closed Lost,10/4/2023 15:59:07,11/13/2023 14:36:20,9640,11/13/2023 14:36:18,11/13/2023 14:36:18,,,,,11/13/2023 14:36:18
15752750438,Website,Closed Lost,10/23/2023 11:58:37,12/6/2023 11:11:14,12600,12/6/2023 11:11:08,12/6/2023 11:11:08,,,,,12/6/2023 11:11:08
11646982031,Website,Closed Lost,1/10/2023 15:08:34,1/19/2023 9:33:50,13600,1/19/2023 9:33:47,1/19/2023 9:33:47,,,,,1/19/2023 9:33:47
12141510546,Website,Closed Lost,2/13/2023 20:49:35,3/29/2023 18:42:11,12430,3/29/2023 18:42:09,3/29/2023 18:42:09,,,,,3/29/2023 18:42:09
12256443653,Website,Closed Lost,2/21/2023 17:11:05,4/5/2023 14:45:42,7950.5915,4/5/2023 14:45:40,4/5/2023 14:45:40,,,,,4/5/2023 14:45:40
12369727612,Website,Closed Lost,3/2/2023 20:11:46,5/10/2023 14:06:57,10100,5/10/2023 14:06:23,5/10/2023 14:06:23,,,,,5/10/2023 14:06:23
12763403544,Website,Closed Lost,3/29/2023 14:23:41,1/30/2024 15:27:36,14599,1/30/2024 15:27:34,1/30/2024 15:27:34,,,,,1/30/2024 15:27:34
12974770192,Website,Closed Lost,4/13/2023 21:03:45,8/2/2023 11:30:45,10600,8/2/2023 11:30:43,8/2/2023 11:30:43,,,,,8/2/2023 11:30:43
13392191623,Website,Closed Lost,5/19/2023 21:37:57,8/24/2023 15:02:34,10100,8/24/2023 15:02:19,8/24/2023 15:02:19,,,,,8/24/2023 15:02:19
13430832181,Website,Closed Lost,5/24/2023 7:33:04,1/16/2024 10:25:56,10600,1/16/2024 10:25:53,1/16/2024 10:25:53,,,,,1/16/2024 10:25:53
15020616026,Website,Closed Lost,9/6/2023 13:21:28,11/8/2023 14:29:51,10060,11/8/2023 14:29:47,11/8/2023 14:29:47,,,,,11/8/2023 14:29:47
15146589733,Website,Closed Lost,9/14/2023 6:56:29,11/2/2023 12:48:27,13140,11/2/2023 12:48:25,11/2/2023 12:48:25,,,,,11/2/2023 12:48:25
15367374360,Website,Closed Lost,9/28/2023 22:39:01,11/21/2023 14:54:13,,11/21/2023 14:53:02,11/21/2023 14:53:02,,,,,11/21/2023 14:53:02
15521479263,Website,Closed Lost,10/9/2023 15:42:35,11/24/2023 15:33:20,11600,11/24/2023 15:33:18,11/24/2023 15:33:18,,,,,11/24/2023 15:33:18
12290541421,Referrals,Closed Lost,2/24/2023 17:23:54,4/11/2023 18:27:03,10600,4/11/2023 18:27:01,4/11/2023 18:27:01,,,,,4/11/2023 18:27:01
13230232748,Referrals,Closed Lost,5/4/2023 12:01:38,6/9/2023 15:53:21,10600,6/9/2023 15:53:20,6/9/2023 15:53:20,,,,,6/9/2023 15:53:20
11963756145,Sales Outbound,Closed Lost,2/1/2023 15:26:42,5/22/2023 17:44:18,10600,5/22/2023 17:44:16,5/22/2023 17:44:16,,,,,5/22/2023 17:44:16
12053537184,Sales Outbound,Closed Lost,2/7/2023 19:15:44,4/5/2023 13:26:29,11600,4/5/2023 13:26:27,4/5/2023 13:26:27,,,,,4/5/2023 13:26:27
12528567858,Sales Outbound,Closed Lost,3/14/2023 10:23:28,6/14/2023 15:51:25,8730,6/14/2023 15:51:22,6/14/2023 15:51:22,,,,,6/14/2023 15:51:22
12580731832,Sales Outbound,Closed Lost,3/17/2023 16:05:47,4/12/2023 9:35:08,13600,4/12/2023 9:35:06,4/12/2023 9:35:06,,,,,4/12/2023 9:35:06
12671910752,Sales Outbound,Closed Lost,3/22/2023 15:18:34,9/29/2023 14:01:18,34750,9/29/2023 14:01:13,9/29/2023 14:01:13,,,,,9/29/2023 14:01:13
13149362322,Sales Outbound,Closed Lost,4/26/2023 16:09:19,11/16/2023 18:19:02,25000,11/16/2023 18:19:00,11/16/2023 18:19:00,,,,,11/16/2023 18:19:00
14304505664,Sales Outbound,Closed Lost,7/21/2023 14:29:33,11/16/2023 17:11:13,24350,11/16/2023 17:11:11,11/16/2023 17:11:11,,,,,11/16/2023 17:11:11
14417450385,Sales Outbound,Closed Lost,8/1/2023 11:13:44,12/20/2023 13:15:26,28300,12/20/2023 13:15:21,12/20/2023 13:15:21,,,,,12/20/2023 13:15:21
15794584476,Sales Outbound,Closed Lost,10/26/2023 12:39:03,1/16/2024 10:48:10,10600,1/16/2024 10:47:30,1/16/2024 10:47:30,,,,,1/16/2024 10:47:30
16159347099,Sales Outbound,Closed Lost,11/21/2023 12:41:18,12/20/2023 13:11:59,12430,12/20/2023 13:11:56,12/20/2023 13:11:56,,,,,12/20/2023 13:11:56
11756557390,Sales Outbound,Closed Lost,1/19/2023 2:14:42,5/9/2023 16:20:14,13600,5/9/2023 16:20:12,5/9/2023 16:20:12,,,,,5/9/2023 16:20:12
12104141960,Sales Outbound,Closed Lost,2/10/2023 18:41:14,6/6/2023 17:16:04,10800,6/6/2023 17:16:02,6/6/2023 17:16:02,,,,,6/6/2023 17:16:02
12440687878,Sales Outbound,Closed Lost,3/8/2023 7:31:15,5/3/2023 12:09:37,11600,5/3/2023 12:09:35,5/3/2023 12:09:35,,,,,5/3/2023 12:09:35
12516103730,Sales Outbound,Closed Lost,3/13/2023 14:30:32,7/24/2023 14:00:42,11100,7/24/2023 14:00:39,7/24/2023 14:00:39,,,,,7/24/2023 14:00:39
12640358737,Sales Outbound,Closed Lost,3/21/2023 8:33:21,5/8/2023 8:33:05,16725,5/8/2023 8:33:03,5/8/2023 8:33:03,,,,,5/8/2023 8:33:03
13850366788,Sales Outbound,Closed Lost,6/24/2023 23:08:05,7/27/2023 19:13:48,8246,7/27/2023 19:13:46,7/27/2023 19:13:46,,,,,7/27/2023 19:13:46
14341641501,Sales Outbound,Closed Lost,5/23/2023 15:28:21,9/5/2023 12:32:50,11100,9/5/2023 12:32:47,9/5/2023 12:32:47,,,,,9/5/2023 12:32:47
14374887606,Sales Outbound,Closed Lost,7/28/2023 11:40:56,10/12/2023 11:02:13,10600,10/12/2023 11:02:09,10/12/2023 11:02:09,,,,,10/12/2023 11:02:09
11929768203,Sales Outbound,Closed Lost,1/30/2023 13:01:43,1/29/2024 11:22:28,39000,1/29/2024 11:22:26,1/29/2024 11:22:26,,,,,1/29/2024 11:22:26
12354571130,Sales Outbound,Closed Lost,3/1/2023 16:42:08,4/27/2023 18:27:59,18600,4/27/2023 18:27:57,4/27/2023 18:27:57,,,,,4/27/2023 18:27:57
12464736051,Sales Outbound,Closed Lost,3/9/2023 18:51:17,3/31/2023 17:46:26,31000,3/31/2023 17:46:24,3/31/2023 17:46:24,,,,,3/31/2023 17:46:24
13307595872,Sales Outbound,Closed Lost,5/11/2023 19:47:04,11/16/2023 17:42:39,15280,11/16/2023 17:42:35,11/16/2023 17:42:35,,,,,11/16/2023 17:42:35
14102163716,Sales Outbound,Closed Lost,7/13/2023 10:58:10,11/21/2023 13:23:43,10600,11/21/2023 13:23:41,11/21/2023 13:23:41,,,,,11/21/2023 13:23:41
14528107655,Sales Outbound,Closed Lost,8/8/2023 13:19:12,1/19/2024 15:04:46,12100,1/19/2024 15:04:43,1/19/2024 15:04:43,,,,,1/19/2024 15:04:43
14779250751,Sales Outbound,Closed Lost,8/22/2023 10:09:36,11/16/2023 17:37:27,14100,11/16/2023 17:37:23,11/16/2023 17:37:23,,,,,11/16/2023 17:37:23
15148950277,Sales Outbound,Closed Lost,9/14/2023 9:48:37,12/7/2023 15:52:49,13513.5,12/7/2023 15:52:47,12/7/2023 15:52:47,,,,,12/7/2023 15:52:47
15517350297,Sales Outbound,Closed Lost,10/9/2023 9:15:09,12/11/2023 12:22:38,9600,12/11/2023 12:22:36,12/11/2023 12:22:36,,,,,12/11/2023 12:22:36
16133066164,Sales Outbound,Closed Lost,11/20/2023 10:57:41,1/3/2024 11:14:21,11400,1/3/2024 11:14:19,1/3/2024 11:14:19,,,,,1/3/2024 11:14:19
16159917577,Sales Outbound,Closed Lost,11/21/2023 16:18:58,1/31/2024 14:12:38,996,1/31/2024 14:12:34,1/31/2024 14:12:34,,,,,1/31/2024 14:12:34
12649911110,Tradeshows and Events,Closed Lost,3/21/2023 17:42:45,7/24/2023 13:52:25,18600,7/24/2023 13:52:23,7/24/2023 13:52:23,,,,,7/24/2023 13:52:23
13899723788,Tradeshows and Events,Closed Lost,6/28/2023 14:30:15,7/20/2023 14:58:56,10600,7/20/2023 14:58:51,7/20/2023 14:58:51,,,,,7/20/2023 14:58:51
12787946085,Tradeshows and Events,Closed Lost,3/31/2023 9:12:01,6/14/2023 15:24:54,14600,6/14/2023 15:24:48,6/14/2023 15:24:48,,,,,6/14/2023 15:24:48
13036239929,Tradeshows and Events,Closed Lost,4/18/2023 5:31:25,8/31/2023 14:11:52,11600,8/31/2023 14:11:50,8/31/2023 14:11:50,,,,,8/31/2023 14:11:50
16103416416,Tradeshows and Events,Closed Lost,11/17/2023 16:57:01,12/2/2023 19:14:58,18600,12/2/2023 19:14:56,12/2/2023 19:14:56,,,,,12/2/2023 19:14:56
12630748220,Tradeshows and Events,Closed Lost,3/20/2023 22:57:54,4/26/2023 11:45:18,11340,4/26/2023 11:45:17,4/26/2023 11:45:17,,,,,4/26/2023 11:45:17
13075265407,Tradeshows and Events,Closed Lost,4/20/2023 22:35:48,6/1/2023 15:11:23,10512,6/1/2023 15:10:36,6/1/2023 15:10:36,,,,,6/1/2023 15:10:36
14108608324,Tradeshows and Events,Closed Lost,7/13/2023 14:16:20,1/25/2024 15:11:28,12600,1/25/2024 15:09:24,1/25/2024 15:09:24,,,,,1/25/2024 15:09:24
11927508532,PPC / Paid Advertising,Closed Lost,1/30/2023 10:16:11,4/5/2023 13:08:37,14350,4/5/2023 13:08:34,4/5/2023 13:08:34,,,,,4/5/2023 13:08:34
11995207086,PPC / Paid Advertising,Closed Lost,2/2/2023 20:43:43,4/24/2023 13:57:39,18600,4/24/2023 13:57:37,4/24/2023 13:57:37,,,,,4/24/2023 13:57:37
12623816361,PPC / Paid Advertising,Closed Lost,3/20/2023 13:36:04,7/24/2023 13:52:10,31125,7/24/2023 13:52:06,7/24/2023 13:52:06,,,,,7/24/2023 13:52:06
12633683497,PPC / Paid Advertising,Closed Lost,3/21/2023 1:37:39,6/7/2023 17:16:17,26230,6/7/2023 17:16:15,6/7/2023 17:16:15,,,,,6/7/2023 17:16:15
15690968437,PPC / Paid Advertising,Closed Lost,10/18/2023 18:59:29,12/4/2023 18:58:11,8460,12/4/2023 18:56:10,12/4/2023 18:56:10,,,,,12/4/2023 18:56:10
16611791461,PPC / Paid Advertising,Closed Lost,12/20/2023 23:58:49,1/9/2024 16:57:35,13600,1/9/2024 16:56:55,1/9/2024 16:56:55,,,,,1/9/2024 16:56:55
11588397643,PPC / Paid Advertising,Closed Lost,1/5/2023 10:01:17,5/3/2023 11:54:30,18600,5/3/2023 11:54:28,5/3/2023 11:54:28,,,,,5/3/2023 11:54:28
11895262723,PPC / Paid Advertising,Closed Lost,1/27/2023 21:16:49,3/21/2023 9:31:45,90000,3/21/2023 9:31:43,3/21/2023 9:31:43,,,,,3/21/2023 9:31:43
12238572164,PPC / Paid Advertising,Closed Lost,2/20/2023 11:03:03,7/27/2023 14:20:55,31350,7/27/2023 14:20:52,7/27/2023 14:20:52,,,,,7/27/2023 14:20:52
12271808143,PPC / Paid Advertising,Closed Lost,2/22/2023 20:37:24,4/4/2023 15:07:25,12300,4/4/2023 15:07:22,4/4/2023 15:07:22,,,,,4/4/2023 15:07:22
13436367624,PPC / Paid Advertising,Closed Lost,5/24/2023 18:17:14,9/4/2023 15:34:01,10600,9/4/2023 15:33:59,9/4/2023 15:33:59,,,,,9/4/2023 15:33:59
13969890953,PPC / Paid Advertising,Closed Lost,7/4/2023 17:29:03,11/20/2023 15:49:05,11600,11/20/2023 15:49:02,11/20/2023 15:49:02,,,,,11/20/2023 15:49:02
14299849237,PPC / Paid Advertising,Closed Lost,7/24/2023 15:45:36,8/24/2023 10:01:04,12600,8/24/2023 10:01:02,8/24/2023 10:01:02,,,,,8/24/2023 10:01:02
14834167906,PPC / Paid Advertising,Closed Lost,8/25/2023 22:03:29,9/19/2023 14:13:37,23100,9/19/2023 14:13:10,9/19/2023 14:13:10,,,,,9/19/2023 14:13:10
15554169514,PPC / Paid Advertising,Closed Lost,10/11/2023 10:18:46,11/10/2023 15:44:44,30000,11/10/2023 15:44:42,11/10/2023 15:44:42,,11/10/2023 15:44:42,,,11/10/2023 15:44:42
12015537822,PPC / Paid Advertising,Closed Lost,2/4/2023 16:55:16,1/9/2024 15:38:41,9680,1/9/2024 15:38:38,1/9/2024 15:38:38,,,,,1/9/2024 15:38:38
12692817505,PPC / Paid Advertising,Closed Lost,3/23/2023 19:59:22,5/19/2023 20:43:11,10600,5/19/2023 20:43:08,5/19/2023 20:43:08,,,,,5/19/2023 20:43:08
12925146790,PPC / Paid Advertising,Closed Lost,4/11/2023 11:09:32,7/12/2023 13:27:55,11600,7/12/2023 13:26:43,7/12/2023 13:26:43,,,,,7/12/2023 13:26:43
13154480478,PPC / Paid Advertising,Closed Lost,4/27/2023 1:35:51,5/19/2023 14:18:09,14350,5/19/2023 14:18:06,5/19/2023 14:18:06,,,,,5/19/2023 14:18:06
13196316951,PPC / Paid Advertising,Closed Lost,5/1/2023 15:36:31,6/1/2023 16:05:51,9700,6/1/2023 16:05:36,6/1/2023 16:05:36,,,,,6/1/2023 16:05:36
13445364255,PPC / Paid Advertising,Closed Lost,5/25/2023 14:55:58,6/20/2023 13:21:09,9180,6/20/2023 13:21:07,6/20/2023 13:21:07,,,,,6/20/2023 13:21:07
16358888845,PPC / Paid Advertising,Closed Lost,12/4/2023 18:58:19,1/24/2024 9:54:04,10100,1/24/2024 9:54:02,1/24/2024 9:54:02,,1/24/2024 9:54:02,,,1/24/2024 9:54:02
16398820229,PPC / Paid Advertising,Closed Lost,12/7/2023 14:24:08,1/26/2024 15:54:47,10600,1/26/2024 15:54:45,1/26/2024 15:54:45,,,,,1/26/2024 15:54:45
12886006029,Website,Proposal/Pricing,4/7/2023 20:26:56,3/31/2024 12:11:32,105000,10/31/2023 10:54:30,10/31/2023 10:54:30,,10/31/2023 10:54:30,,,10/31/2023 10:54:30
15955788370,Website,Proposal/Pricing,11/7/2023 16:15:48,3/31/2024 12:05:46,11600,1/16/2024 10:12:18,1/16/2024 10:12:18,,1/16/2024 10:12:18,,,
16973337371,Sales Outbound,Proposal/Pricing,1/16/2024 15:29:35,6/30/2024 12:32:18,11215,1/23/2024 13:42:51,1/23/2024 13:42:51,,1/23/2024 13:42:51,,,
16059316744,Website,Discovery,11/14/2023 19:14:41,3/31/2024 19:32:49,,11/14/2023 19:14:41,,,,,,
16213557036,Website,Discovery,11/24/2023 14:48:04,,,11/28/2023 11:12:58,,,,,,
16996995935,Website,Discovery,1/17/2024 12:19:49,,,1/18/2024 11:08:19,,,,,,
17123124311,Website,Discovery,1/23/2024 21:59:42,,,1/23/2024 22:38:27,,,,,,
17156467852,Website,Discovery,1/25/2024 15:57:20,,,1/25/2024 16:08:58,,,,,,
17245371700,Website,Discovery,1/30/2024 20:22:03,,,1/30/2024 21:34:45,,,,,,
17252089166,Website,Discovery,1/31/2024 3:08:20,,,1/31/2024 6:08:54,,,,,,
17271787635,Website,Discovery,1/31/2024 17:06:54,,,1/31/2024 17:08:04,,,,,,
14711715390,Website,Discovery,8/17/2023 19:03:22,5/31/2024 19:13:02,,8/17/2023 19:03:22,,,,,,
16550245018,Website,Discovery,12/17/2023 3:29:17,,,12/18/2023 19:02:07,,,,,,
16581607016,Website,Discovery,12/18/2023 22:08:55,3/31/2024 13:03:04,14350,12/21/2023 21:37:58,,,,,,
16771602039,Website,Discovery,1/2/2024 16:53:05,,,1/2/2024 16:58:17,,,,,,
17135953443,Website,Discovery,1/24/2024 15:22:43,,,1/24/2024 15:43:13,,,,,,
15156494427,Website,Discovery,9/14/2023 18:48:05,3/31/2024 16:53:23,,12/18/2023 11:47:27,,,,,,
15581665540,Website,Discovery,10/12/2023 12:45:20,6/30/2024 12:42:21,,10/12/2023 12:45:20,,,,,,
16173102938,Website,Discovery,11/22/2023 11:00:05,2/29/2024 19:01:41,3960,11/22/2023 11:00:05,,,,,,
16212423082,Website,Discovery,11/24/2023 14:13:47,,,11/24/2023 16:30:07,,,,,,
16906754455,Website,Discovery,1/12/2024 12:56:28,,,1/12/2024 15:34:39,,,,,,
17042222108,Website,Discovery,1/19/2024 11:37:29,,,1/19/2024 16:37:47,,,,,,
17194262624,Website,Discovery,1/28/2024 13:07:24,,,1/28/2024 17:59:45,,,,,,
17245504678,Website,Discovery,1/30/2024 20:18:12,3/31/2024 17:14:34,,1/31/2024 17:14:30,,,,,,
17104207368,Referrals,Discovery,1/22/2024 18:42:44,,,1/26/2024 14:54:20,,,,,,
14265377541,Sales Outbound,Discovery,7/21/2023 14:18:26,1/31/2024 18:01:54,,8/29/2023 19:14:52,,,,,,
15793551769,Sales Outbound,Discovery,10/26/2023 9:53:49,,,10/26/2023 9:54:22,,,,,,
15810484623,Sales Outbound,Discovery,10/27/2023 12:07:38,,,10/27/2023 12:23:48,,,,,,
16244198150,Sales Outbound,Discovery,11/27/2023 10:21:56,,,12/11/2023 14:19:20,,,,,,
16382754447,Sales Outbound,Discovery,12/6/2023 10:13:02,,,12/6/2023 10:27:02,,,,,,
16400738145,Sales Outbound,Discovery,12/7/2023 16:33:29,,,12/7/2023 16:37:04,,,,,,
17102535257,Sales Outbound,Discovery,1/22/2024 16:44:14,,,1/22/2024 16:56:22,,,,,,
17137561938,Sales Outbound,Discovery,1/24/2024 15:59:49,,,1/25/2024 14:47:16,,,,,,
17177136519,Sales Outbound,Discovery,1/27/2024 10:46:48,,,1/27/2024 10:48:15,,,,,,
17242019513,Sales Outbound,Discovery,1/30/2024 16:31:13,,,1/30/2024 16:32:30,,,,,,
13864553221,Sales Outbound,Discovery,6/26/2023 11:16:46,,,10/3/2023 16:45:12,,,,,,
14435114851,Sales Outbound,Discovery,8/2/2023 16:23:01,,,1/25/2024 14:48:04,,,,,,
15608438610,Sales Outbound,Discovery,10/13/2023 7:11:16,,,11/24/2023 11:50:51,,,,,,
16211367846,Sales Outbound,Discovery,11/24/2023 11:54:11,,,11/24/2023 11:56:04,,,,,,
16268205714,Sales Outbound,Discovery,11/28/2023 13:15:22,,,11/28/2023 13:15:56,,,,,,
16507761330,Sales Outbound,Discovery,12/14/2023 19:32:20,,3960,12/15/2023 16:58:25,,,,,,
16851523602,Sales Outbound,Discovery,1/8/2024 13:31:33,2/29/2024 13:27:26,,1/9/2024 13:32:54,,,,,,
17158808704,Sales Outbound,Discovery,1/25/2024 18:07:26,,,1/25/2024 18:08:51,,,,,,
14515520571,Sales Outbound,Discovery,8/7/2023 10:55:04,,,10/3/2023 12:45:31,,,,,,
14546754329,Sales Outbound,Discovery,8/9/2023 20:04:11,,,11/6/2023 17:52:09,,,,,,
16037489726,Sales Outbound,Discovery,11/13/2023 10:52:15,,,12/6/2023 12:39:35,,,,,,
16142227720,Sales Outbound,Discovery,11/20/2023 20:45:07,,,12/4/2023 16:19:42,,,,,,
16210659618,Sales Outbound,Discovery,11/24/2023 10:09:17,,,11/28/2023 16:49:01,,,,,,
16245083438,Sales Outbound,Discovery,11/27/2023 11:07:06,,,12/11/2023 14:11:46,,,,,,
16266820874,Sales Outbound,Discovery,11/28/2023 14:15:48,,,11/28/2023 14:25:11,,,,,,
16354783791,Sales Outbound,Discovery,12/4/2023 13:58:05,,,12/4/2023 14:10:55,,,,,,
16357181613,Sales Outbound,Discovery,12/4/2023 16:49:33,,,12/4/2023 16:57:42,,,,,,
16367925013,Sales Outbound,Discovery,12/5/2023 11:30:24,,,12/5/2023 11:33:42,,,,,,
16394469956,Sales Outbound,Discovery,12/7/2023 9:42:44,,,12/7/2023 9:54:06,,,,,,
16487856437,Sales Outbound,Discovery,12/13/2023 14:17:20,1/31/2024 18:55:34,,1/10/2024 19:22:59,,,,,,1/10/2024 19:22:59
16907852674,Sales Outbound,Discovery,1/12/2024 14:51:54,,,1/12/2024 14:54:42,,,,,,
16908443196,Sales Outbound,Discovery,1/12/2024 15:30:31,,,1/12/2024 15:33:35,,,,,,
15815815770,Tradeshows and Events,Discovery,10/27/2023 20:17:19,,,11/30/2023 11:24:46,,,,,,
14360766639,Tradeshows and Events,Discovery,7/27/2023 15:16:48,,,1/29/2024 21:12:47,,,,,,
16490832560,Tradeshows and Events,Discovery,6/14/2023 17:09:06,,0,12/13/2023 19:08:58,,,,,,
17160560163,Tradeshows and Events,Discovery,1/25/2024 22:31:04,,,1/25/2024 22:36:11,,,,,,
17172740895,Tradeshows and Events,Discovery,1/26/2024 18:17:25,,,1/29/2024 9:14:12,,,,,,
17273179825,Tradeshows and Events,Discovery,1/31/2024 18:29:35,,,1/31/2024 18:30:22,,,,,,
17172197892,Tradeshows and Events,Discovery,1/26/2024 18:17:01,,,1/31/2024 9:41:27,,,,,,
13835419725,Tradeshows and Events,Discovery,6/23/2023 19:24:52,,,10/30/2023 16:35:16,,,,,,
15329079892,Tradeshows and Events,Discovery,9/26/2023 16:19:06,,,12/11/2023 23:10:27,,,,,,
17172170753,Tradeshows and Events,Discovery,1/26/2024 18:17:05,,,1/31/2024 15:32:05,,,,,,
17172721022,Tradeshows and Events,Discovery,1/26/2024 18:16:59,,,1/30/2024 9:58:28,,,,,,
16054983792,PPC / Paid Advertising,Discovery,11/14/2023 14:25:55,,,11/14/2023 14:34:03,,,,,,
16870736311,PPC / Paid Advertising,Discovery,1/9/2024 22:10:50,,,1/16/2024 19:40:54,,,,,,
17221608098,PPC / Paid Advertising,Discovery,1/29/2024 22:22:27,,,1/30/2024 9:18:35,,,,,,
17244790025,PPC / Paid Advertising,Discovery,1/30/2024 19:18:38,,,1/31/2024 17:02:38,,,,,,
12276619686,Webinar,Keep Warm,2/23/2023 10:22:28,,,2/24/2023 14:39:57,,,,,,
12105039681,Webinar,Keep Warm,2/10/2023 20:00:20,9/30/2023 12:15:46,2960,,,,,,,
13076175528,Website,Keep Warm,4/20/2023 21:24:32,,,4/25/2023 17:27:02,,,,,,
13202621836,Website,Keep Warm,5/2/2023 8:20:40,,,5/5/2023 11:38:07,,,,,,
13352756581,Website,Keep Warm,5/16/2023 10:37:15,,,8/14/2023 17:01:51,,,,,,
14649184160,Website,Keep Warm,8/16/2023 11:44:34,1/31/2024 16:41:19,12100,,,,,,,
12871064462,Website,Keep Warm,4/6/2023 17:13:18,,,5/11/2023 21:42:00,,,,,,
12924685941,Website,Keep Warm,4/11/2023 12:15:49,3/31/2024 18:31:27,,4/13/2023 13:22:01,,,,,,
13816617894,Website,Keep Warm,6/22/2023 10:17:16,,,6/22/2023 10:20:44,,,,,,
14794921231,Website,Keep Warm,8/23/2023 16:48:46,,,9/26/2023 19:27:01,,,,,,
14831169030,Website,Keep Warm,8/25/2023 18:09:00,,,8/28/2023 15:37:27,,,,,,
16196939673,Website,Keep Warm,11/23/2023 15:57:47,12/27/2024 16:14:07,,11/27/2023 14:17:17,,,,,,
15220330805,Sales Outbound,Keep Warm,9/18/2023 13:34:42,1/1/2025 0:15:22,10600,11/13/2023 17:11:20,,,,,,
16139007861,Sales Outbound,Keep Warm,11/20/2023 17:08:26,2/8/2024 17:53:24,,12/7/2023 20:00:17,,,,,,12/7/2023 20:00:17
13050455930,Sales Outbound,Keep Warm,4/18/2023 23:35:31,9/30/2023 19:30:59,7730,,,,,,,
14515595640,Sales Outbound,Keep Warm,8/7/2023 11:08:53,9/30/2023 11:06:43,,8/8/2023 11:37:58,,,,,,
15894924641,Sales Outbound,Keep Warm,11/2/2023 16:21:42,,,11/2/2023 16:22:51,,,,,,
13677519943,Sales Re-Engagement,Keep Warm,6/12/2023 13:59:15,11/30/2023 10:44:33,,,,,,,,
12693223326,Tradeshows and Events,Keep Warm,3/23/2023 21:02:26,,,4/18/2023 5:52:19,,,,,,
13710312216,Tradeshows and Events,Keep Warm,6/14/2023 17:09:06,7/31/2024 18:30:35,,,,,,,,
15329196842,Tradeshows and Events,Keep Warm,9/26/2023 16:19:06,3/15/2024 17:54:00,,10/24/2023 22:14:14,,,,,,
14762588495,Tradeshows and Events,Keep Warm,8/10/2023 12:54:16,1/31/2025 11:42:57,0,8/21/2023 22:03:23,,,,,,
15236862074,Tradeshows and Events,Keep Warm,9/19/2023 16:21:21,11/29/2024 20:57:26,,10/5/2023 15:10:10,,,,,,
15815606902,Tradeshows and Events,Keep Warm,10/27/2023 20:17:19,1/1/2025 0:15:45,,11/1/2023 16:53:51,,,,,,
13034388540,Tradeshows and Events,Keep Warm,4/17/2023 18:56:34,,,6/1/2023 16:09:07,,,,,,
13075228797,Tradeshows and Events,Keep Warm,4/20/2023 22:51:22,,,6/1/2023 10:33:29,,,,,,
13703648953,Tradeshows and Events,Keep Warm,6/14/2023 8:58:37,,,6/14/2023 11:12:21,,,,,,
13710238648,Tradeshows and Events,Keep Warm,6/14/2023 17:09:07,3/31/2024 17:25:16,9654,,,,,,,
13928026001,Tradeshows and Events,Keep Warm,6/30/2023 18:30:56,2/5/2024 17:54:19,,8/15/2023 8:05:18,,,,,,
14108726452,Tradeshows and Events,Keep Warm,7/13/2023 14:16:22,,,8/1/2023 15:27:20,,,,,,
15238076189,PPC / Paid Advertising,Keep Warm,9/19/2023 19:18:07,,,9/20/2023 11:28:56,,,,,,
11626489983,PPC / Paid Advertising,Keep Warm,1/8/2023 21:22:19,7/31/2023 12:36:53,11100,,,,,,,
14001059917,PPC / Paid Advertising,Keep Warm,7/7/2023 1:41:09,7/21/2023 1:41:08,,7/11/2023 18:07:21,,,,,,
12346809476,PPC / Paid Advertising,Keep Warm,3/1/2023 0:02:13,,21600,5/4/2023 13:11:49,,,,,,
12149716742,Webinar,Closed Won,2/14/2023 7:22:26,6/29/2023 23:24:05,29600,,,,,,,
15490234179,Website,Closed Won,10/6/2023 14:12:34,8/9/2023 14:12:11,58200,,,,,,,
14544071746,Website,Closed Won,8/9/2023 15:35:37,11/17/2023 15:06:15,3960,,,,,,,
15113348394,Website,Closed Won,9/11/2023 21:10:18,10/13/2023 15:52:13,960,,,,,,,
15107537224,Website,Closed Won,9/11/2023 15:23:35,11/20/2023 19:27:23,2960,,,,,,,
15138661525,Website,Closed Won,8/24/2023 0:06:20,10/26/2023 17:21:21,960,,,,,,,
14192307333,Sales Outbound,Closed Won,7/17/2023 12:13:15,11/13/2023 11:45:33,8660,,,,,,,
12673223961,Tradeshows and Events,Closed Won,3/22/2023 16:59:18,10/19/2023 8:22:22,8180,,,,,,,
13353550093,PPC / Paid Advertising,Closed Won,5/16/2023 13:44:54,12/31/2023 13:19:13,7980,,,,,,,
13277994799,PPC / Paid Advertising,Closed Won,5/9/2023 14:34:19,1/22/2024 18:09:20,3960,,,,,,,
13431080742,Social,Closed Lost,5/24/2023 8:15:20,7/6/2023 16:36:12,,7/6/2023 16:36:10,,,,,,7/6/2023 16:36:10